CREATE DATABASE  IF NOT EXISTS `trace_data` /*!40100 DEFAULT CHARACTER SET latin1 */;
USE `trace_data`;
-- MySQL dump 10.13  Distrib 5.6.13, for osx10.6 (i386)
--
-- Host: localhost    Database: trace_data
-- ------------------------------------------------------
-- Server version	5.6.14

/*!40101 SET @OLD_CHARACTER_SET_CLIENT=@@CHARACTER_SET_CLIENT */;
/*!40101 SET @OLD_CHARACTER_SET_RESULTS=@@CHARACTER_SET_RESULTS */;
/*!40101 SET @OLD_COLLATION_CONNECTION=@@COLLATION_CONNECTION */;
/*!40101 SET NAMES utf8 */;
/*!40103 SET @OLD_TIME_ZONE=@@TIME_ZONE */;
/*!40103 SET TIME_ZONE='+00:00' */;
/*!40014 SET @OLD_UNIQUE_CHECKS=@@UNIQUE_CHECKS, UNIQUE_CHECKS=0 */;
/*!40014 SET @OLD_FOREIGN_KEY_CHECKS=@@FOREIGN_KEY_CHECKS, FOREIGN_KEY_CHECKS=0 */;
/*!40101 SET @OLD_SQL_MODE=@@SQL_MODE, SQL_MODE='NO_AUTO_VALUE_ON_ZERO' */;
/*!40111 SET @OLD_SQL_NOTES=@@SQL_NOTES, SQL_NOTES=0 */;

--
-- Table structure for table `gun_trace_data`
--

DROP TABLE IF EXISTS `gun_trace_data`;
/*!40101 SET @saved_cs_client     = @@character_set_client */;
/*!40101 SET character_set_client = utf8 */;
CREATE TABLE `gun_trace_data` (
  `trace_year` int(11) NOT NULL,
  `originated_in` varchar(2) NOT NULL,
  `located_in` varchar(2) NOT NULL,
  `num_guns` int(11) DEFAULT NULL,
  PRIMARY KEY (`trace_year`,`originated_in`,`located_in`)
) ENGINE=InnoDB DEFAULT CHARSET=latin1;
/*!40101 SET character_set_client = @saved_cs_client */;

--
-- Dumping data for table `gun_trace_data`
--

LOCK TABLES `gun_trace_data` WRITE;
/*!40000 ALTER TABLE `gun_trace_data` DISABLE KEYS */;
INSERT INTO `gun_trace_data` VALUES (2008,'AK','AK',315),(2008,'AK','ID',6),(2008,'AK','NM',4),(2008,'AK','NV',14),(2008,'AK','OR',9),(2008,'AK','WA',19),(2008,'AL','AK',1),(2008,'AL','AL',3066),(2008,'AL','DC',28),(2008,'AL','DE',8),(2008,'AL','FL',191),(2008,'AL','GA',269),(2008,'AL','IL',119),(2008,'AL','IN',17),(2008,'AL','KS',8),(2008,'AL','KY',15),(2008,'AL','LA',62),(2008,'AL','MD',26),(2008,'AL','ME',1),(2008,'AL','MI',102),(2008,'AL','MS',48),(2008,'AL','NC',75),(2008,'AL','NJ',40),(2008,'AL','NY',136),(2008,'AL','OH',41),(2008,'AL','OK',6),(2008,'AL','PA',24),(2008,'AL','RI',3),(2008,'AL','SC',13),(2008,'AL','TN',150),(2008,'AL','TX',53),(2008,'AL','VA',30),(2008,'AL','WI',12),(2008,'AR','AK',1),(2008,'AR','AR',276),(2008,'AR','ID',3),(2008,'AR','IL',109),(2008,'AR','LA',32),(2008,'AR','ME',1),(2008,'AR','MI',29),(2008,'AR','MO',73),(2008,'AR','MS',16),(2008,'AR','NB',12),(2008,'AR','ND',1),(2008,'AR','OK',24),(2008,'AR','TN',115),(2008,'AR','TX',99),(2008,'AR','WI',15),(2008,'AZ','AK',3),(2008,'AZ','AR',4),(2008,'AZ','AZ',5612),(2008,'AZ','CA',846),(2008,'AZ','CO',27),(2008,'AZ','CT',10),(2008,'AZ','DE',6),(2008,'AZ','IA',7),(2008,'AZ','ID',8),(2008,'AZ','KS',10),(2008,'AZ','MD',42),(2008,'AZ','MN',10),(2008,'AZ','MO',22),(2008,'AZ','MT',3),(2008,'AZ','NB',10),(2008,'AZ','NM',21),(2008,'AZ','NV',83),(2008,'AZ','OH',36),(2008,'AZ','OK',11),(2008,'AZ','OR',28),(2008,'AZ','RI',2),(2008,'AZ','SD',1),(2008,'AZ','TX',79),(2008,'AZ','UT',21),(2008,'AZ','WA',39),(2008,'AZ','WI',10),(2008,'CA','AK',4),(2008,'CA','AL',20),(2008,'CA','AR',5),(2008,'CA','AZ',244),(2008,'CA','CA',11492),(2008,'CA','CO',35),(2008,'CA','CT',13),(2008,'CA','FL',100),(2008,'CA','GA',46),(2008,'CA','HI',14),(2008,'CA','IA',9),(2008,'CA','ID',20),(2008,'CA','IN',45),(2008,'CA','KS',13),(2008,'CA','KY',14),(2008,'CA','LA',33),(2008,'CA','MA',14),(2008,'CA','MD',36),(2008,'CA','ME',1),(2008,'CA','MI',32),(2008,'CA','MN',22),(2008,'CA','MO',33),(2008,'CA','MT',10),(2008,'CA','NB',12),(2008,'CA','NC',57),(2008,'CA','ND',1),(2008,'CA','NH',2),(2008,'CA','NJ',24),(2008,'CA','NM',12),(2008,'CA','NV',251),(2008,'CA','NY',78),(2008,'CA','OK',19),(2008,'CA','OR',102),(2008,'CA','PA',32),(2008,'CA','SC',9),(2008,'CA','SD',1),(2008,'CA','TN',33),(2008,'CA','TX',140),(2008,'CA','UT',19),(2008,'CA','VA',30),(2008,'CA','VT',1),(2008,'CA','WA',100),(2008,'CA','WI',27),(2008,'CA','WV',2),(2008,'CA','WY',9),(2008,'CO','AK',3),(2008,'CO','AZ',56),(2008,'CO','CA',122),(2008,'CO','CO',821),(2008,'CO','HI',1),(2008,'CO','IA',8),(2008,'CO','ID',11),(2008,'CO','KS',10),(2008,'CO','MT',5),(2008,'CO','NB',12),(2008,'CO','NM',17),(2008,'CO','NV',19),(2008,'CO','OK',10),(2008,'CO','OR',14),(2008,'CO','SD',2),(2008,'CO','UT',13),(2008,'CO','VT',1),(2008,'CO','WA',12),(2008,'CO','WY',8),(2008,'CT','AK',1),(2008,'CT','CT',478),(2008,'CT','MA',18),(2008,'CT','ME',3),(2008,'CT','NH',1),(2008,'CT','NM',3),(2008,'CT','NY',57),(2008,'CT','RI',7),(2008,'CT','VT',2),(2008,'DC','DC',30),(2008,'DE','DE',361),(2008,'DE','MD',43),(2008,'DE','PA',52),(2008,'FL','AK',5),(2008,'FL','AL',67),(2008,'FL','AR',4),(2008,'FL','AZ',44),(2008,'FL','CA',141),(2008,'FL','CO',20),(2008,'FL','CT',34),(2008,'FL','DC',19),(2008,'FL','DE',12),(2008,'FL','FL',9570),(2008,'FL','GA',245),(2008,'FL','HI',1),(2008,'FL','IA',10),(2008,'FL','IL',73),(2008,'FL','IN',44),(2008,'FL','KS',11),(2008,'FL','KY',32),(2008,'FL','LA',65),(2008,'FL','MA',41),(2008,'FL','MD',89),(2008,'FL','ME',5),(2008,'FL','MI',57),(2008,'FL','MN',20),(2008,'FL','MO',32),(2008,'FL','MS',21),(2008,'FL','NB',16),(2008,'FL','NC',219),(2008,'FL','ND',2),(2008,'FL','NH',1),(2008,'FL','NJ',119),(2008,'FL','NM',7),(2008,'FL','NV',25),(2008,'FL','NY',380),(2008,'FL','OH',93),(2008,'FL','OK',15),(2008,'FL','OR',13),(2008,'FL','PA',76),(2008,'FL','RI',7),(2008,'FL','SC',49),(2008,'FL','SD',2),(2008,'FL','TN',81),(2008,'FL','TX',113),(2008,'FL','VA',68),(2008,'FL','VT',4),(2008,'FL','WA',11),(2008,'FL','WI',26),(2008,'FL','WV',4),(2008,'FL','WY',2),(2008,'GA','AK',1),(2008,'GA','AL',168),(2008,'GA','CA',108),(2008,'GA','CO',12),(2008,'GA','CT',21),(2008,'GA','DC',43),(2008,'GA','DE',12),(2008,'GA','FL',428),(2008,'GA','GA',5683),(2008,'GA','ID',4),(2008,'GA','IL',111),(2008,'GA','IN',38),(2008,'GA','KS',10),(2008,'GA','KY',31),(2008,'GA','LA',75),(2008,'GA','MA',58),(2008,'GA','MD',97),(2008,'GA','ME',3),(2008,'GA','MI',79),(2008,'GA','MN',12),(2008,'GA','MS',21),(2008,'GA','NB',9),(2008,'GA','NC',245),(2008,'GA','ND',1),(2008,'GA','NH',3),(2008,'GA','NJ',141),(2008,'GA','NM',8),(2008,'GA','NY',395),(2008,'GA','OH',73),(2008,'GA','OK',6),(2008,'GA','OR',8),(2008,'GA','PA',93),(2008,'GA','RI',3),(2008,'GA','SC',114),(2008,'GA','TN',208),(2008,'GA','TX',85),(2008,'GA','VA',73),(2008,'GA','WA',22),(2008,'GA','WI',28),(2008,'GA','WV',5),(2008,'HI','HI',15),(2008,'IA','IA',456),(2008,'IA','IL',83),(2008,'IA','KS',11),(2008,'IA','ME',1),(2008,'IA','MN',20),(2008,'IA','NB',51),(2008,'IA','OK',10),(2008,'IA','SD',2),(2008,'IA','WV',2),(2008,'ID','AK',2),(2008,'ID','CA',87),(2008,'ID','ID',256),(2008,'ID','MT',7),(2008,'ID','ND',1),(2008,'ID','OR',14),(2008,'ID','SD',2),(2008,'ID','UT',8),(2008,'ID','VT',1),(2008,'ID','WA',80),(2008,'IL','AR',2),(2008,'IL','AZ',29),(2008,'IL','CO',11),(2008,'IL','IA',33),(2008,'IL','IL',3300),(2008,'IL','IN',79),(2008,'IL','KS',6),(2008,'IL','KY',12),(2008,'IL','MI',32),(2008,'IL','MN',23),(2008,'IL','MO',149),(2008,'IL','MS',5),(2008,'IL','NB',15),(2008,'IL','NH',2),(2008,'IL','NM',3),(2008,'IL','OH',37),(2008,'IL','SD',2),(2008,'IL','TN',43),(2008,'IL','WI',79),(2008,'IN','AL',12),(2008,'IN','AZ',38),(2008,'IN','CA',76),(2008,'IN','CO',11),(2008,'IN','DE',6),(2008,'IN','FL',89),(2008,'IN','GA',35),(2008,'IN','IA',7),(2008,'IN','IL',857),(2008,'IN','IN',3961),(2008,'IN','KY',165),(2008,'IN','LA',18),(2008,'IN','MI',98),(2008,'IN','MN',30),(2008,'IN','MO',31),(2008,'IN','NB',9),(2008,'IN','NC',52),(2008,'IN','ND',1),(2008,'IN','NV',14),(2008,'IN','OH',119),(2008,'IN','SC',13),(2008,'IN','TN',43),(2008,'IN','TX',49),(2008,'IN','UT',4),(2008,'IN','WA',12),(2008,'IN','WI',39),(2008,'IN','WV',6),(2008,'IN','WY',2),(2008,'KS','IA',11),(2008,'KS','KS',649),(2008,'KS','MO',185),(2008,'KS','NB',12),(2008,'KS','NM',3),(2008,'KS','OK',22),(2008,'KS','SD',2),(2008,'KS','WY',4),(2008,'KY','AL',20),(2008,'KY','DC',9),(2008,'KY','DE',5),(2008,'KY','FL',83),(2008,'KY','GA',36),(2008,'KY','HI',2),(2008,'KY','IL',134),(2008,'KY','IN',108),(2008,'KY','KY',1781),(2008,'KY','MI',120),(2008,'KY','MO',27),(2008,'KY','MS',6),(2008,'KY','NC',73),(2008,'KY','ND',1),(2008,'KY','NH',1),(2008,'KY','NJ',21),(2008,'KY','NY',53),(2008,'KY','OH',234),(2008,'KY','SC',18),(2008,'KY','TN',127),(2008,'KY','UT',3),(2008,'KY','VA',41),(2008,'KY','WI',14),(2008,'KY','WV',15),(2008,'LA','AK',2),(2008,'LA','AL',36),(2008,'LA','AR',5),(2008,'LA','CA',121),(2008,'LA','CO',12),(2008,'LA','DC',8),(2008,'LA','GA',76),(2008,'LA','IN',15),(2008,'LA','KS',5),(2008,'LA','LA',4651),(2008,'LA','ME',1),(2008,'LA','MO',23),(2008,'LA','MS',71),(2008,'LA','ND',1),(2008,'LA','NH',1),(2008,'LA','NM',8),(2008,'LA','OK',6),(2008,'LA','TN',57),(2008,'LA','TX',348),(2008,'LA','VA',24),(2008,'LA','WI',10),(2008,'MA','AL',1),(2008,'MA','CT',20),(2008,'MA','MA',290),(2008,'MA','ME',10),(2008,'MA','NH',26),(2008,'MA','RI',13),(2008,'MA','VT',4),(2008,'MD','DC',317),(2008,'MD','DE',42),(2008,'MD','MD',2335),(2008,'MD','ME',1),(2008,'MD','NJ',21),(2008,'MD','PA',43),(2008,'MD','RI',3),(2008,'MD','SD',1),(2008,'MD','VA',74),(2008,'MD','WV',9),(2008,'ME','CT',19),(2008,'ME','MA',97),(2008,'ME','ME',198),(2008,'ME','NH',17),(2008,'ME','RI',2),(2008,'ME','VT',1),(2008,'MI','AL',13),(2008,'MI','AZ',29),(2008,'MI','CO',11),(2008,'MI','FL',86),(2008,'MI','IA',6),(2008,'MI','IL',76),(2008,'MI','IN',52),(2008,'MI','KY',17),(2008,'MI','MI',2317),(2008,'MI','MN',12),(2008,'MI','MT',5),(2008,'MI','NH',1),(2008,'MI','NV',18),(2008,'MI','OH',76),(2008,'MI','SC',9),(2008,'MI','VT',1),(2008,'MI','WY',2),(2008,'MN','AL',1),(2008,'MN','HI',2),(2008,'MN','IA',21),(2008,'MN','KS',5),(2008,'MN','MN',912),(2008,'MN','MT',2),(2008,'MN','ND',16),(2008,'MN','OR',6),(2008,'MN','SD',8),(2008,'MN','UT',3),(2008,'MN','WI',22),(2008,'MO','AR',6),(2008,'MO','HI',1),(2008,'MO','IA',17),(2008,'MO','IL',98),(2008,'MO','KS',99),(2008,'MO','ME',1),(2008,'MO','MO',1643),(2008,'MO','MS',6),(2008,'MO','NB',18),(2008,'MO','ND',2),(2008,'MO','NV',14),(2008,'MO','OK',22),(2008,'MO','SD',1),(2008,'MO','TX',45),(2008,'MO','WY',2),(2008,'MS','AL',75),(2008,'MS','AR',12),(2008,'MS','CA',77),(2008,'MS','DC',8),(2008,'MS','GA',84),(2008,'MS','IA',7),(2008,'MS','ID',2),(2008,'MS','IL',369),(2008,'MS','IN',15),(2008,'MS','KY',13),(2008,'MS','LA',187),(2008,'MS','MI',67),(2008,'MS','MN',14),(2008,'MS','MO',50),(2008,'MS','MS',1041),(2008,'MS','NM',3),(2008,'MS','OK',8),(2008,'MS','TN',374),(2008,'MS','TX',74),(2008,'MS','WI',50),(2008,'MT','AK',3),(2008,'MT','ID',10),(2008,'MT','MT',142),(2008,'MT','ND',2),(2008,'MT','OR',11),(2008,'MT','WA',37),(2008,'MT','WY',9),(2008,'NB','CO',25),(2008,'NB','IA',13),(2008,'NB','KS',5),(2008,'NB','ME',1),(2008,'NB','MT',3),(2008,'NB','NB',592),(2008,'NB','ND',2),(2008,'NB','SD',6),(2008,'NB','WY',2),(2008,'NC','AK',1),(2008,'NC','AL',23),(2008,'NC','AR',2),(2008,'NC','CA',76),(2008,'NC','CT',16),(2008,'NC','DC',108),(2008,'NC','DE',10),(2008,'NC','FL',114),(2008,'NC','GA',107),(2008,'NC','HI',1),(2008,'NC','IN',15),(2008,'NC','KY',11),(2008,'NC','LA',24),(2008,'NC','MA',19),(2008,'NC','MD',158),(2008,'NC','ME',5),(2008,'NC','MS',7),(2008,'NC','NC',5898),(2008,'NC','ND',1),(2008,'NC','NH',2),(2008,'NC','NJ',183),(2008,'NC','NY',358),(2008,'NC','OH',43),(2008,'NC','OK',6),(2008,'NC','PA',86),(2008,'NC','RI',5),(2008,'NC','SC',127),(2008,'NC','SD',1),(2008,'NC','TN',61),(2008,'NC','VA',163),(2008,'NC','VT',1),(2008,'NC','WV',5),(2008,'ND','AK',1),(2008,'ND','MN',24),(2008,'ND','MT',3),(2008,'ND','ND',110),(2008,'ND','NH',1),(2008,'ND','SD',5),(2008,'NH','MA',91),(2008,'NH','ME',10),(2008,'NH','NH',98),(2008,'NH','RI',3),(2008,'NH','VT',8),(2008,'NJ','DE',7),(2008,'NJ','ND',1),(2008,'NJ','NH',1),(2008,'NJ','NJ',488),(2008,'NJ','PA',45),(2008,'NJ','VT',2),(2008,'NJ','WV',2),(2008,'NM','AK',1),(2008,'NM','AZ',101),(2008,'NM','CO',23),(2008,'NM','NM',510),(2008,'NM','NV',14),(2008,'NM','OK',6),(2008,'NM','TX',58),(2008,'NM','UT',4),(2008,'NV','AZ',72),(2008,'NV','CA',490),(2008,'NV','CO',12),(2008,'NV','ID',6),(2008,'NV','MT',6),(2008,'NV','NM',3),(2008,'NV','NV',1380),(2008,'NV','OR',17),(2008,'NV','SD',1),(2008,'NV','UT',13),(2008,'NV','WA',13),(2008,'NY','AK',2),(2008,'NY','AR',2),(2008,'NY','CT',18),(2008,'NY','DE',7),(2008,'NY','FL',84),(2008,'NY','HI',1),(2008,'NY','MA',15),(2008,'NY','ME',2),(2008,'NY','NC',83),(2008,'NY','NJ',49),(2008,'NY','NV',18),(2008,'NY','NY',1663),(2008,'NY','PA',44),(2008,'NY','SD',1),(2008,'NY','VT',3),(2008,'OH','AK',1),(2008,'OH','AL',20),(2008,'OH','AZ',44),(2008,'OH','CT',7),(2008,'OH','DC',30),(2008,'OH','FL',135),(2008,'OH','GA',65),(2008,'OH','IA',7),(2008,'OH','IL',158),(2008,'OH','IN',93),(2008,'OH','KY',132),(2008,'OH','LA',21),(2008,'OH','MA',14),(2008,'OH','MD',79),(2008,'OH','ME',1),(2008,'OH','MI',208),(2008,'OH','MN',13),(2008,'OH','MO',29),(2008,'OH','NC',83),(2008,'OH','ND',1),(2008,'OH','NH',1),(2008,'OH','NJ',67),(2008,'OH','NM',5),(2008,'OH','NV',20),(2008,'OH','NY',198),(2008,'OH','OH',5497),(2008,'OH','PA',126),(2008,'OH','RI',4),(2008,'OH','SC',23),(2008,'OH','TN',40),(2008,'OH','VA',41),(2008,'OH','WA',11),(2008,'OH','WI',15),(2008,'OH','WV',37),(2008,'OH','WY',4),(2008,'OK','AR',17),(2008,'OK','CA',95),(2008,'OK','KS',18),(2008,'OK','LA',28),(2008,'OK','ME',1),(2008,'OK','MO',48),(2008,'OK','MS',7),(2008,'OK','NM',4),(2008,'OK','OK',917),(2008,'OK','TX',174),(2008,'OK','WA',13),(2008,'OK','WY',2),(2008,'ON','MS',7),(2008,'OR','AK',3),(2008,'OR','CA',282),(2008,'OR','ID',18),(2008,'OR','MT',4),(2008,'OR','NB',7),(2008,'OR','ND',1),(2008,'OR','NV',27),(2008,'OR','OR',1316),(2008,'OR','SD',1),(2008,'OR','UT',4),(2008,'OR','WA',167),(2008,'PA','AZ',36),(2008,'PA','CT',23),(2008,'PA','DC',50),(2008,'PA','DE',68),(2008,'PA','FL',103),(2008,'PA','GA',37),(2008,'PA','IN',16),(2008,'PA','LA',13),(2008,'PA','MA',23),(2008,'PA','MD',209),(2008,'PA','ME',4),(2008,'PA','MS',5),(2008,'PA','NC',69),(2008,'PA','ND',1),(2008,'PA','NJ',314),(2008,'PA','NY',355),(2008,'PA','OH',83),(2008,'PA','PA',4661),(2008,'PA','SC',21),(2008,'PA','SD',3),(2008,'PA','UT',4),(2008,'PA','VA',64),(2008,'PA','VT',1),(2008,'PA','WV',27),(2008,'RI','MA',24),(2008,'RI','ME',1),(2008,'RI','RI',103),(2008,'SC','AL',14),(2008,'SC','CT',11),(2008,'SC','DC',40),(2008,'SC','DE',8),(2008,'SC','FL',84),(2008,'SC','GA',173),(2008,'SC','HI',1),(2008,'SC','MA',18),(2008,'SC','MD',93),(2008,'SC','MS',6),(2008,'SC','NC',405),(2008,'SC','NJ',127),(2008,'SC','NY',329),(2008,'SC','PA',66),(2008,'SC','SC',1382),(2008,'SC','SD',1),(2008,'SC','VA',51),(2008,'SC','WV',2),(2008,'SD','NB',7),(2008,'SD','ND',1),(2008,'SD','SD',69),(2008,'TN','AL',49),(2008,'TN','AR',10),(2008,'TN','AZ',27),(2008,'TN','DC',12),(2008,'TN','FL',94),(2008,'TN','GA',95),(2008,'TN','IA',6),(2008,'TN','IL',118),(2008,'TN','IN',31),(2008,'TN','KY',65),(2008,'TN','LA',24),(2008,'TN','MD',32),(2008,'TN','MI',56),(2008,'TN','MN',10),(2008,'TN','MO',25),(2008,'TN','MS',53),(2008,'TN','NC',93),(2008,'TN','NM',4),(2008,'TN','NY',52),(2008,'TN','OH',51),(2008,'TN','OK',7),(2008,'TN','SC',17),(2008,'TN','TN',3327),(2008,'TN','TX',49),(2008,'TN','VA',45),(2008,'TN','WI',21),(2008,'TN','WV',6),(2008,'TX','AK',6),(2008,'TX','AL',39),(2008,'TX','AR',25),(2008,'TX','AZ',86),(2008,'TX','CA',308),(2008,'TX','CO',50),(2008,'TX','CT',7),(2008,'TX','DC',16),(2008,'TX','FL',150),(2008,'TX','GA',89),(2008,'TX','HI',1),(2008,'TX','IA',18),(2008,'TX','ID',4),(2008,'TX','IL',113),(2008,'TX','IN',48),(2008,'TX','KS',27),(2008,'TX','KY',17),(2008,'TX','LA',272),(2008,'TX','MD',55),(2008,'TX','ME',6),(2008,'TX','MI',54),(2008,'TX','MN',25),(2008,'TX','MO',56),(2008,'TX','MS',31),(2008,'TX','MT',2),(2008,'TX','NB',23),(2008,'TX','NC',125),(2008,'TX','ND',1),(2008,'TX','NJ',30),(2008,'TX','NM',53),(2008,'TX','NV',36),(2008,'TX','NY',122),(2008,'TX','OH',64),(2008,'TX','OK',72),(2008,'TX','OR',24),(2008,'TX','PA',53),(2008,'TX','RI',2),(2008,'TX','SC',13),(2008,'TX','SD',2),(2008,'TX','TN',76),(2008,'TX','TX',8423),(2008,'TX','UT',6),(2008,'TX','VA',64),(2008,'TX','WA',32),(2008,'TX','WI',23),(2008,'TX','WV',3),(2008,'TX','WY',4),(2008,'UT','AZ',36),(2008,'UT','CA',93),(2008,'UT','HI',1),(2008,'UT','ID',5),(2008,'UT','MT',2),(2008,'UT','ND',1),(2008,'UT','NM',4),(2008,'UT','NV',33),(2008,'UT','SD',1),(2008,'UT','UT',380),(2008,'UT','WY',3),(2008,'VA','AK',2),(2008,'VA','AL',18),(2008,'VA','CT',31),(2008,'VA','DC',302),(2008,'VA','DE',28),(2008,'VA','FL',101),(2008,'VA','GA',81),(2008,'VA','IA',6),(2008,'VA','IN',19),(2008,'VA','KY',21),(2008,'VA','LA',22),(2008,'VA','MA',31),(2008,'VA','MD',440),(2008,'VA','MI',34),(2008,'VA','MS',5),(2008,'VA','NC',375),(2008,'VA','NH',2),(2008,'VA','NJ',182),(2008,'VA','NY',502),(2008,'VA','OH',52),(2008,'VA','OR',6),(2008,'VA','PA',110),(2008,'VA','RI',4),(2008,'VA','SC',29),(2008,'VA','TN',36),(2008,'VA','TX',48),(2008,'VA','UT',3),(2008,'VA','VA',4102),(2008,'VA','WV',21),(2008,'VT','CT',12),(2008,'VT','MA',28),(2008,'VT','NH',3),(2008,'VT','RI',2),(2008,'VT','VT',80),(2008,'WA','AK',7),(2008,'WA','AR',3),(2008,'WA','AZ',59),(2008,'WA','CA',247),(2008,'WA','CO',11),(2008,'WA','HI',1),(2008,'WA','ID',35),(2008,'WA','MT',5),(2008,'WA','ND',1),(2008,'WA','NM',3),(2008,'WA','NV',29),(2008,'WA','OR',114),(2008,'WA','SD',2),(2008,'WA','UT',5),(2008,'WA','VT',1),(2008,'WA','WA',1793),(2008,'WA','WV',2),(2008,'WA','WY',2),(2008,'WI','AK',1),(2008,'WI','AR',2),(2008,'WI','HI',1),(2008,'WI','IA',6),(2008,'WI','ID',2),(2008,'WI','IL',212),(2008,'WI','MN',68),(2008,'WI','MT',2),(2008,'WI','ND',1),(2008,'WI','OR',6),(2008,'WI','SD',1),(2008,'WI','WI',1712),(2008,'WI','WV',2),(2008,'WV','DC',41),(2008,'WV','DE',9),(2008,'WV','KY',27),(2008,'WV','MD',156),(2008,'WV','MI',52),(2008,'WV','NC',94),(2008,'WV','NH',1),(2008,'WV','NJ',39),(2008,'WV','NM',4),(2008,'WV','NY',79),(2008,'WV','OH',152),(2008,'WV','PA',68),(2008,'WV','SC',11),(2008,'WV','VA',72),(2008,'WV','WV',405),(2008,'WY','CO',16),(2008,'WY','ID',2),(2008,'WY','ME',1),(2008,'WY','ND',1),(2008,'WY','SD',2),(2008,'WY','UT',7),(2008,'WY','WY',47),(2008,'ZZ','AL',92),(2008,'ZZ','AR',12),(2008,'ZZ','AZ',414),(2008,'ZZ','CA',1105),(2008,'ZZ','CO',151),(2008,'ZZ','CT',59),(2008,'ZZ','DC',71),(2008,'ZZ','DE',32),(2008,'ZZ','FL',793),(2008,'ZZ','GA',297),(2008,'ZZ','IA',61),(2008,'ZZ','ID',19),(2008,'ZZ','IL',606),(2008,'ZZ','IN',150),(2008,'ZZ','KS',57),(2008,'ZZ','KY',90),(2008,'ZZ','LA',155),(2008,'ZZ','MA',109),(2008,'ZZ','MD',319),(2008,'ZZ','MI',227),(2008,'ZZ','MN',138),(2008,'ZZ','MO',203),(2008,'ZZ','MS',41),(2008,'ZZ','MT',10),(2008,'ZZ','NB',100),(2008,'ZZ','NC',448),(2008,'ZZ','NJ',224),(2008,'ZZ','NM',28),(2008,'ZZ','NV',196),(2008,'ZZ','NY',650),(2008,'ZZ','OH',274),(2008,'ZZ','OK',55),(2008,'ZZ','OR',88),(2008,'ZZ','PA',287),(2008,'ZZ','RI',8),(2008,'ZZ','SC',85),(2008,'ZZ','SD',1),(2008,'ZZ','TN',258),(2008,'ZZ','TX',528),(2008,'ZZ','UT',27),(2008,'ZZ','VA',224),(2008,'ZZ','WA',175),(2008,'ZZ','WI',104),(2008,'ZZ','WV',11),(2008,'ZZ','WY',7),(2009,'AK','AK',303),(2009,'AK','ID',4),(2009,'AK','MT',2),(2009,'AK','NM',4),(2009,'AK','NV',15),(2009,'AK','OR',17),(2009,'AK','SD',1),(2009,'AK','WA',22),(2009,'AL','AL',2272),(2009,'AL','CT',7),(2009,'AL','DC',20),(2009,'AL','DE',4),(2009,'AL','FL',192),(2009,'AL','GA',270),(2009,'AL','IL',112),(2009,'AL','IN',16),(2009,'AL','KY',12),(2009,'AL','LA',58),(2009,'AL','MA',19),(2009,'AL','MD',25),(2009,'AL','ME',1),(2009,'AL','MI',97),(2009,'AL','MS',50),(2009,'AL','NC',57),(2009,'AL','ND',5),(2009,'AL','NH',1),(2009,'AL','NJ',39),(2009,'AL','NM',7),(2009,'AL','OH',57),(2009,'AL','OK',8),(2009,'AL','OR',7),(2009,'AL','RI',5),(2009,'AL','SC',19),(2009,'AL','TN',88),(2009,'AL','TX',66),(2009,'AL','VT',1),(2009,'AL','WI',16),(2009,'AR','AR',288),(2009,'AR','IL',132),(2009,'AR','KS',8),(2009,'AR','LA',32),(2009,'AR','MN',14),(2009,'AR','MO',58),(2009,'AR','MS',17),(2009,'AR','MT',2),(2009,'AR','ND',2),(2009,'AR','NM',3),(2009,'AR','OK',43),(2009,'AR','SD',1),(2009,'AR','TN',20),(2009,'AR','TX',84),(2009,'AR','WI',15),(2009,'AZ','AK',4),(2009,'AZ','AR',6),(2009,'AZ','AZ',4997),(2009,'AZ','CA',840),(2009,'AZ','CO',19),(2009,'AZ','HI',1),(2009,'AZ','IA',10),(2009,'AZ','ID',4),(2009,'AZ','KS',7),(2009,'AZ','ME',1),(2009,'AZ','MO',20),(2009,'AZ','MS',9),(2009,'AZ','MT',2),(2009,'AZ','ND',2),(2009,'AZ','NH',1),(2009,'AZ','NJ',22),(2009,'AZ','NM',50),(2009,'AZ','NV',78),(2009,'AZ','OH',33),(2009,'AZ','OK',10),(2009,'AZ','OR',34),(2009,'AZ','SD',1),(2009,'AZ','TN',18),(2009,'AZ','TX',56),(2009,'AZ','UT',12),(2009,'AZ','VT',2),(2009,'AZ','WA',37),(2009,'AZ','WV',3),(2009,'AZ','WY',3),(2009,'CA','AK',6),(2009,'CA','AL',15),(2009,'CA','AR',4),(2009,'CA','AZ',221),(2009,'CA','CA',11767),(2009,'CA','CO',40),(2009,'CA','DC',17),(2009,'CA','DE',3),(2009,'CA','FL',91),(2009,'CA','GA',50),(2009,'CA','HI',4),(2009,'CA','IA',12),(2009,'CA','ID',8),(2009,'CA','IN',17),(2009,'CA','KS',8),(2009,'CA','KY',10),(2009,'CA','LA',34),(2009,'CA','MA',15),(2009,'CA','MD',50),(2009,'CA','ME',2),(2009,'CA','MI',34),(2009,'CA','MN',14),(2009,'CA','MO',33),(2009,'CA','MS',6),(2009,'CA','MT',6),(2009,'CA','NB',21),(2009,'CA','NC',48),(2009,'CA','NH',1),(2009,'CA','NJ',33),(2009,'CA','NM',24),(2009,'CA','NV',204),(2009,'CA','NY',63),(2009,'CA','OH',45),(2009,'CA','OK',21),(2009,'CA','OR',138),(2009,'CA','PA',91),(2009,'CA','RI',4),(2009,'CA','SC',10),(2009,'CA','SD',4),(2009,'CA','TN',20),(2009,'CA','TX',114),(2009,'CA','UT',15),(2009,'CA','VA',22),(2009,'CA','WA',95),(2009,'CA','WI',26),(2009,'CO','AZ',68),(2009,'CO','CA',129),(2009,'CO','CO',719),(2009,'CO','CT',8),(2009,'CO','HI',1),(2009,'CO','IA',8),(2009,'CO','ID',3),(2009,'CO','KS',10),(2009,'CO','MN',15),(2009,'CO','MT',3),(2009,'CO','NB',9),(2009,'CO','NM',20),(2009,'CO','NV',42),(2009,'CO','OK',7),(2009,'CO','OR',8),(2009,'CO','SD',1),(2009,'CO','TX',49),(2009,'CO','UT',10),(2009,'CO','WY',7),(2009,'CT','CT',462),(2009,'CT','MA',26),(2009,'CT','ME',3),(2009,'CT','ND',1),(2009,'CT','NH',1),(2009,'CT','NY',63),(2009,'CT','SD',1),(2009,'CT','VT',5),(2009,'DC','DC',18),(2009,'DE','DE',299),(2009,'DE','MD',37),(2009,'DE','ME',1),(2009,'DE','NJ',25),(2009,'DE','PA',46),(2009,'DE','WV',5),(2009,'FL','AK',4),(2009,'FL','AL',61),(2009,'FL','AZ',45),(2009,'FL','CA',143),(2009,'FL','CO',16),(2009,'FL','CT',35),(2009,'FL','DC',27),(2009,'FL','DE',9),(2009,'FL','FL',9689),(2009,'FL','GA',268),(2009,'FL','HI',1),(2009,'FL','ID',2),(2009,'FL','IL',89),(2009,'FL','IN',27),(2009,'FL','KS',5),(2009,'FL','KY',29),(2009,'FL','LA',64),(2009,'FL','MA',53),(2009,'FL','MD',87),(2009,'FL','ME',4),(2009,'FL','MI',54),(2009,'FL','MN',12),(2009,'FL','MO',36),(2009,'FL','MS',15),(2009,'FL','MT',4),(2009,'FL','NB',10),(2009,'FL','NC',158),(2009,'FL','NH',5),(2009,'FL','NJ',129),(2009,'FL','NM',5),(2009,'FL','NV',36),(2009,'FL','NY',391),(2009,'FL','OH',92),(2009,'FL','OK',8),(2009,'FL','OR',9),(2009,'FL','PA',88),(2009,'FL','RI',15),(2009,'FL','SC',52),(2009,'FL','SD',2),(2009,'FL','TN',66),(2009,'FL','TX',101),(2009,'FL','UT',3),(2009,'FL','VA',86),(2009,'FL','VT',5),(2009,'FL','WA',18),(2009,'FL','WI',17),(2009,'FL','WV',8),(2009,'GA','AK',3),(2009,'GA','AL',124),(2009,'GA','AR',3),(2009,'GA','AZ',33),(2009,'GA','CA',110),(2009,'GA','CO',9),(2009,'GA','CT',27),(2009,'GA','DC',44),(2009,'GA','DE',6),(2009,'GA','FL',440),(2009,'GA','GA',5788),(2009,'GA','IA',8),(2009,'GA','IL',117),(2009,'GA','IN',18),(2009,'GA','KY',19),(2009,'GA','LA',59),(2009,'GA','MA',53),(2009,'GA','MD',78),(2009,'GA','ME',4),(2009,'GA','MI',60),(2009,'GA','MN',15),(2009,'GA','MO',32),(2009,'GA','MS',20),(2009,'GA','MT',4),(2009,'GA','NB',6),(2009,'GA','NC',222),(2009,'GA','ND',1),(2009,'GA','NJ',158),(2009,'GA','NM',6),(2009,'GA','NV',20),(2009,'GA','NY',407),(2009,'GA','OH',74),(2009,'GA','OK',7),(2009,'GA','PA',78),(2009,'GA','RI',9),(2009,'GA','SC',97),(2009,'GA','SD',1),(2009,'GA','TN',183),(2009,'GA','TX',80),(2009,'GA','UT',4),(2009,'GA','VA',66),(2009,'GA','VT',1),(2009,'GA','WA',11),(2009,'GA','WI',21),(2009,'GA','WV',10),(2009,'HI','HI',9),(2009,'IA','IA',414),(2009,'IA','ID',3),(2009,'IA','IL',87),(2009,'IA','KS',4),(2009,'IA','MN',17),(2009,'IA','NB',45),(2009,'IA','ND',1),(2009,'IA','SD',1),(2009,'IA','UT',2),(2009,'IA','VT',1),(2009,'IB','NC',34),(2009,'ID','CA',95),(2009,'ID','ID',222),(2009,'ID','OR',21),(2009,'ID','SD',1),(2009,'ID','UT',16),(2009,'ID','WA',52),(2009,'ID','WY',4),(2009,'IL','AK',4),(2009,'IL','AR',3),(2009,'IL','AZ',34),(2009,'IL','CO',8),(2009,'IL','DE',3),(2009,'IL','GA',38),(2009,'IL','HI',1),(2009,'IL','IA',23),(2009,'IL','ID',2),(2009,'IL','IL',3555),(2009,'IL','IN',59),(2009,'IL','KY',17),(2009,'IL','MI',25),(2009,'IL','MN',21),(2009,'IL','MO',159),(2009,'IL','ND',1),(2009,'IL','NH',1),(2009,'IL','NV',25),(2009,'IL','PA',25),(2009,'IL','SD',1),(2009,'IL','UT',2),(2009,'IL','WI',82),(2009,'IL','WY',2),(2009,'IN','AL',20),(2009,'IN','DC',11),(2009,'IN','DE',3),(2009,'IN','FL',88),(2009,'IN','IL',1020),(2009,'IN','IN',3644),(2009,'IN','KS',5),(2009,'IN','KY',156),(2009,'IN','MI',95),(2009,'IN','MN',22),(2009,'IN','MO',23),(2009,'IN','MS',4),(2009,'IN','NC',86),(2009,'IN','ND',1),(2009,'IN','OH',104),(2009,'IN','OK',7),(2009,'IN','OR',7),(2009,'IN','SC',10),(2009,'IN','SD',1),(2009,'IN','TN',29),(2009,'IN','UT',2),(2009,'IN','WA',11),(2009,'IN','WI',54),(2009,'IN','WV',3),(2009,'KS','AR',3),(2009,'KS','CO',17),(2009,'KS','IA',6),(2009,'KS','KS',536),(2009,'KS','MO',195),(2009,'KS','MT',2),(2009,'KS','NB',8),(2009,'KS','ND',1),(2009,'KS','NH',1),(2009,'KS','NM',3),(2009,'KS','OK',27),(2009,'KY','AK',5),(2009,'KY','AL',24),(2009,'KY','FL',78),(2009,'KY','GA',46),(2009,'KY','IL',138),(2009,'KY','IN',111),(2009,'KY','KY',1601),(2009,'KY','LA',14),(2009,'KY','MD',28),(2009,'KY','ME',1),(2009,'KY','MI',114),(2009,'KY','MO',25),(2009,'KY','MS',4),(2009,'KY','NB',6),(2009,'KY','NC',70),(2009,'KY','ND',1),(2009,'KY','NY',64),(2009,'KY','OH',239),(2009,'KY','RI',5),(2009,'KY','SC',19),(2009,'KY','SD',1),(2009,'KY','TN',188),(2009,'KY','VA',40),(2009,'KY','WI',14),(2009,'KY','WV',31),(2009,'KY','WY',1),(2009,'LA','AL',33),(2009,'LA','AR',10),(2009,'LA','CA',97),(2009,'LA','FL',80),(2009,'LA','GA',62),(2009,'LA','KS',4),(2009,'LA','KY',11),(2009,'LA','LA',4516),(2009,'LA','MO',19),(2009,'LA','MS',55),(2009,'LA','NB',6),(2009,'LA','ND',1),(2009,'LA','OK',8),(2009,'LA','OR',9),(2009,'LA','SC',9),(2009,'LA','TN',24),(2009,'LA','TX',313),(2009,'LA','VA',28),(2009,'LA','WA',11),(2009,'LA','WI',13),(2009,'MA','AK',3),(2009,'MA','CT',10),(2009,'MA','HI',1),(2009,'MA','MA',395),(2009,'MA','ME',6),(2009,'MA','NH',21),(2009,'MA','RI',11),(2009,'MA','UT',2),(2009,'MA','VT',5),(2009,'MD','DC',247),(2009,'MD','DE',39),(2009,'MD','MD',2286),(2009,'MD','NC',34),(2009,'MD','NJ',22),(2009,'MD','PA',52),(2009,'MD','VA',60),(2009,'MD','WV',7),(2009,'ME','CT',9),(2009,'ME','DE',3),(2009,'ME','MA',84),(2009,'ME','ME',188),(2009,'ME','NH',15),(2009,'ME','RI',6),(2009,'ME','VT',1),(2009,'MI','AK',4),(2009,'MI','AL',14),(2009,'MI','CO',9),(2009,'MI','IA',8),(2009,'MI','ID',2),(2009,'MI','IL',89),(2009,'MI','IN',57),(2009,'MI','KS',5),(2009,'MI','KY',12),(2009,'MI','MI',2165),(2009,'MI','MT',2),(2009,'MI','OH',70),(2009,'MI','RI',3),(2009,'MI','UT',2),(2009,'MI','WI',16),(2009,'MI','WV',3),(2009,'MI','WY',1),(2009,'MN','AK',5),(2009,'MN','AZ',23),(2009,'MN','IA',9),(2009,'MN','MN',896),(2009,'MN','ND',12),(2009,'MN','NH',1),(2009,'MN','NM',3),(2009,'MN','SD',4),(2009,'MN','WA',14),(2009,'MN','WI',29),(2009,'MN','WY',2),(2009,'MO','AR',7),(2009,'MO','IA',18),(2009,'MO','IL',136),(2009,'MO','KS',78),(2009,'MO','MO',1816),(2009,'MO','MS',6),(2009,'MO','OK',19),(2009,'MO','WY',1),(2009,'MS','AL',92),(2009,'MS','AR',3),(2009,'MS','DC',11),(2009,'MS','FL',76),(2009,'MS','GA',55),(2009,'MS','IA',7),(2009,'MS','IL',362),(2009,'MS','IN',22),(2009,'MS','KY',10),(2009,'MS','LA',215),(2009,'MS','MI',73),(2009,'MS','MN',12),(2009,'MS','MO',48),(2009,'MS','MS',889),(2009,'MS','ND',1),(2009,'MS','NY',126),(2009,'MS','OH',33),(2009,'MS','TN',55),(2009,'MS','TX',92),(2009,'MS','WI',51),(2009,'MT','CO',8),(2009,'MT','ID',8),(2009,'MT','ME',1),(2009,'MT','MN',11),(2009,'MT','MT',175),(2009,'MT','ND',2),(2009,'MT','NM',3),(2009,'MT','OR',9),(2009,'MT','UT',3),(2009,'MT','VT',1),(2009,'MT','WA',38),(2009,'MT','WY',3),(2009,'NB','CO',9),(2009,'NB','IA',28),(2009,'NB','ID',3),(2009,'NB','KS',10),(2009,'NB','NB',505),(2009,'NB','SD',3),(2009,'NB','WY',1),(2009,'NC','AL',10),(2009,'NC','AR',3),(2009,'NC','CT',24),(2009,'NC','DC',99),(2009,'NC','DE',8),(2009,'NC','FL',115),(2009,'NC','GA',98),(2009,'NC','ID',2),(2009,'NC','IN',16),(2009,'NC','LA',20),(2009,'NC','MA',28),(2009,'NC','MD',150),(2009,'NC','ME',1),(2009,'NC','MI',28),(2009,'NC','MT',2),(2009,'NC','NC',5402),(2009,'NC','NH',1),(2009,'NC','NJ',169),(2009,'NC','NY',326),(2009,'NC','PA',71),(2009,'NC','RI',7),(2009,'NC','SC',130),(2009,'NC','TN',52),(2009,'NC','TX',47),(2009,'NC','VA',150),(2009,'NC','VT',2),(2009,'NC','WV',7),(2009,'NC','WY',1),(2009,'ND','MN',20),(2009,'ND','ND',66),(2009,'ND','SD',2),(2009,'ND','VT',1),(2009,'NH','CT',9),(2009,'NH','MA',105),(2009,'NH','ME',11),(2009,'NH','NH',146),(2009,'NH','RI',6),(2009,'NH','SD',1),(2009,'NH','VT',14),(2009,'NJ','DE',6),(2009,'NJ','NJ',602),(2009,'NJ','NM',3),(2009,'NJ','PA',46),(2009,'NJ','VT',2),(2009,'NM','AZ',53),(2009,'NM','CA',105),(2009,'NM','CO',26),(2009,'NM','ID',2),(2009,'NM','NB',8),(2009,'NM','ND',1),(2009,'NM','NM',601),(2009,'NM','NV',15),(2009,'NM','SD',2),(2009,'NM','TX',74),(2009,'NM','WV',3),(2009,'NM','WY',4),(2009,'NV','AK',3),(2009,'NV','AZ',46),(2009,'NV','CA',525),(2009,'NV','CO',10),(2009,'NV','ID',4),(2009,'NV','MT',2),(2009,'NV','NB',7),(2009,'NV','NH',1),(2009,'NV','NM',3),(2009,'NV','NV',1342),(2009,'NV','OR',19),(2009,'NV','UT',6),(2009,'NV','WA',14),(2009,'NV','WY',1),(2009,'NY','AK',3),(2009,'NY','AR',3),(2009,'NY','CT',20),(2009,'NY','DE',7),(2009,'NY','ME',2),(2009,'NY','NC',45),(2009,'NY','ND',1),(2009,'NY','NH',2),(2009,'NY','NJ',60),(2009,'NY','NY',1819),(2009,'NY','PA',39),(2009,'NY','RI',3),(2009,'NY','VA',28),(2009,'NY','VT',2),(2009,'NY','WV',4),(2009,'NY','WY',1),(2009,'OH','AK',3),(2009,'OH','AL',13),(2009,'OH','AR',3),(2009,'OH','AZ',27),(2009,'OH','CA',95),(2009,'OH','CT',13),(2009,'OH','DC',22),(2009,'OH','DE',5),(2009,'OH','FL',129),(2009,'OH','GA',62),(2009,'OH','ID',2),(2009,'OH','IL',165),(2009,'OH','IN',64),(2009,'OH','KS',4),(2009,'OH','KY',93),(2009,'OH','LA',19),(2009,'OH','MA',26),(2009,'OH','MD',75),(2009,'OH','ME',1),(2009,'OH','MI',195),(2009,'OH','MN',11),(2009,'OH','MS',4),(2009,'OH','MT',3),(2009,'OH','NC',72),(2009,'OH','ND',3),(2009,'OH','NH',1),(2009,'OH','NJ',58),(2009,'OH','NM',3),(2009,'OH','NV',18),(2009,'OH','NY',219),(2009,'OH','OH',5423),(2009,'OH','OK',11),(2009,'OH','PA',98),(2009,'OH','RI',4),(2009,'OH','SC',19),(2009,'OH','TN',29),(2009,'OH','TX',50),(2009,'OH','UT',2),(2009,'OH','VA',38),(2009,'OH','WA',12),(2009,'OH','WV',77),(2009,'OH','WY',4),(2009,'OK','AR',13),(2009,'OK','AZ',26),(2009,'OK','CA',94),(2009,'OK','CO',10),(2009,'OK','KS',26),(2009,'OK','LA',25),(2009,'OK','ME',1),(2009,'OK','MO',43),(2009,'OK','NB',8),(2009,'OK','ND',1),(2009,'OK','NH',1),(2009,'OK','NM',10),(2009,'OK','OK',997),(2009,'OK','OR',10),(2009,'OK','TN',18),(2009,'OK','TX',145),(2009,'OK','WY',2),(2009,'OR','AK',6),(2009,'OR','AZ',29),(2009,'OR','CA',270),(2009,'OR','HI',1),(2009,'OR','ID',16),(2009,'OR','MT',8),(2009,'OR','ND',1),(2009,'OR','NV',17),(2009,'OR','OR',1357),(2009,'OR','SD',1),(2009,'OR','UT',5),(2009,'OR','WA',156),(2009,'PA','CT',13),(2009,'PA','DC',32),(2009,'PA','DE',57),(2009,'PA','FL',103),(2009,'PA','GA',39),(2009,'PA','HI',1),(2009,'PA','ID',2),(2009,'PA','IN',18),(2009,'PA','KY',12),(2009,'PA','LA',14),(2009,'PA','MA',28),(2009,'PA','MD',207),(2009,'PA','ME',1),(2009,'PA','MS',4),(2009,'PA','NC',68),(2009,'PA','NH',5),(2009,'PA','NJ',397),(2009,'PA','NV',14),(2009,'PA','NY',364),(2009,'PA','OH',72),(2009,'PA','OK',9),(2009,'PA','PA',4254),(2009,'PA','RI',3),(2009,'PA','SC',9),(2009,'PA','SD',1),(2009,'PA','TN',18),(2009,'PA','UT',2),(2009,'PA','VA',45),(2009,'PA','WA',12),(2009,'PA','WV',21),(2009,'RI','MA',27),(2009,'RI','ME',1),(2009,'RI','NH',1),(2009,'RI','RI',139),(2009,'SC','AL',14),(2009,'SC','AR',3),(2009,'SC','CT',17),(2009,'SC','DC',46),(2009,'SC','DE',3),(2009,'SC','FL',81),(2009,'SC','GA',173),(2009,'SC','MA',23),(2009,'SC','MD',68),(2009,'SC','ME',3),(2009,'SC','MT',12),(2009,'SC','NC',339),(2009,'SC','NJ',139),(2009,'SC','NM',4),(2009,'SC','NY',302),(2009,'SC','PA',56),(2009,'SC','RI',5),(2009,'SC','SC',1322),(2009,'SC','SD',1),(2009,'SC','VA',43),(2009,'SC','VT',1),(2009,'SC','WV',4),(2009,'SD','IA',10),(2009,'SD','ID',2),(2009,'SD','ME',1),(2009,'SD','MN',21),(2009,'SD','MT',5),(2009,'SD','NB',8),(2009,'SD','ND',4),(2009,'SD','SD',75),(2009,'TN','AL',61),(2009,'TN','AR',7),(2009,'TN','DC',12),(2009,'TN','DE',3),(2009,'TN','FL',87),(2009,'TN','GA',102),(2009,'TN','ID',4),(2009,'TN','IL',161),(2009,'TN','IN',34),(2009,'TN','KS',6),(2009,'TN','KY',45),(2009,'TN','LA',30),(2009,'TN','MD',24),(2009,'TN','ME',1),(2009,'TN','MI',56),(2009,'TN','MO',25),(2009,'TN','MS',27),(2009,'TN','NC',82),(2009,'TN','ND',2),(2009,'TN','NH',1),(2009,'TN','NM',3),(2009,'TN','NY',52),(2009,'TN','OH',48),(2009,'TN','OK',9),(2009,'TN','SC',15),(2009,'TN','TN',1823),(2009,'TN','TX',49),(2009,'TN','VA',34),(2009,'TN','VT',1),(2009,'TN','WI',23),(2009,'TN','WV',6),(2009,'TN','WY',2),(2009,'TX','AK',3),(2009,'TX','AL',34),(2009,'TX','AR',18),(2009,'TX','AZ',93),(2009,'TX','CA',332),(2009,'TX','CO',33),(2009,'TX','DC',16),(2009,'TX','DE',3),(2009,'TX','FL',171),(2009,'TX','GA',85),(2009,'TX','IA',15),(2009,'TX','ID',3),(2009,'TX','IL',138),(2009,'TX','IN',28),(2009,'TX','KS',28),(2009,'TX','KY',21),(2009,'TX','LA',255),(2009,'TX','MD',46),(2009,'TX','ME',4),(2009,'TX','MI',41),(2009,'TX','MN',19),(2009,'TX','MO',54),(2009,'TX','MS',25),(2009,'TX','MT',6),(2009,'TX','NB',15),(2009,'TX','ND',3),(2009,'TX','NH',3),(2009,'TX','NJ',56),(2009,'TX','NM',48),(2009,'TX','NV',40),(2009,'TX','NY',100),(2009,'TX','OH',58),(2009,'TX','OK',82),(2009,'TX','OR',12),(2009,'TX','PA',36),(2009,'TX','RI',3),(2009,'TX','SC',17),(2009,'TX','SD',4),(2009,'TX','TN',63),(2009,'TX','TX',8216),(2009,'TX','UT',8),(2009,'TX','VA',34),(2009,'TX','VT',1),(2009,'TX','WA',36),(2009,'TX','WI',20),(2009,'UT','AZ',27),(2009,'UT','CA',139),(2009,'UT','ID',8),(2009,'UT','MT',3),(2009,'UT','NM',3),(2009,'UT','NV',38),(2009,'UT','UT',271),(2009,'UT','WY',3),(2009,'VA','AL',13),(2009,'VA','CT',18),(2009,'VA','DC',265),(2009,'VA','DE',24),(2009,'VA','FL',145),(2009,'VA','GA',53),(2009,'VA','IN',16),(2009,'VA','KY',16),(2009,'VA','LA',29),(2009,'VA','MA',38),(2009,'VA','MD',437),(2009,'VA','ME',1),(2009,'VA','MI',25),(2009,'VA','MS',8),(2009,'VA','NC',352),(2009,'VA','NH',6),(2009,'VA','NJ',214),(2009,'VA','NY',443),(2009,'VA','OH',36),(2009,'VA','OK',8),(2009,'VA','PA',110),(2009,'VA','RI',3),(2009,'VA','SC',18),(2009,'VA','TN',36),(2009,'VA','UT',2),(2009,'VA','VA',3941),(2009,'VA','VT',3),(2009,'VA','WV',13),(2009,'VT','CT',8),(2009,'VT','MA',35),(2009,'VT','ME',3),(2009,'VT','NH',6),(2009,'VT','VT',90),(2009,'WA','AK',3),(2009,'WA','AZ',31),(2009,'WA','CA',252),(2009,'WA','HI',1),(2009,'WA','ID',35),(2009,'WA','MT',9),(2009,'WA','ND',4),(2009,'WA','NH',2),(2009,'WA','NM',4),(2009,'WA','NV',26),(2009,'WA','OR',137),(2009,'WA','SD',2),(2009,'WA','VT',1),(2009,'WA','WA',1570),(2009,'WI','AZ',23),(2009,'WI','IA',15),(2009,'WI','IL',236),(2009,'WI','ME',1),(2009,'WI','MN',65),(2009,'WI','MT',7),(2009,'WI','NB',9),(2009,'WI','NH',2),(2009,'WI','UT',2),(2009,'WI','WI',1629),(2009,'WV','DC',30),(2009,'WV','DE',7),(2009,'WV','HI',1),(2009,'WV','KY',13),(2009,'WV','MD',147),(2009,'WV','ME',2),(2009,'WV','MI',45),(2009,'WV','NC',76),(2009,'WV','NJ',44),(2009,'WV','NY',56),(2009,'WV','OH',135),(2009,'WV','PA',69),(2009,'WV','SC',11),(2009,'WV','UT',2),(2009,'WV','VA',52),(2009,'WV','WV',486),(2009,'WY','CO',16),(2009,'WY','ID',2),(2009,'WY','MT',2),(2009,'WY','NM',5),(2009,'WY','SD',1),(2009,'WY','UT',10),(2009,'WY','WY',82),(2009,'ZZ','AK',384),(2009,'ZZ','AL',91),(2009,'ZZ','AR',20),(2009,'ZZ','AZ',332),(2009,'ZZ','CA',1236),(2009,'ZZ','CO',117),(2009,'ZZ','CT',75),(2009,'ZZ','DC',79),(2009,'ZZ','DE',18),(2009,'ZZ','FL',779),(2009,'ZZ','GA',316),(2009,'ZZ','IA',68),(2009,'ZZ','ID',3),(2009,'ZZ','IL',661),(2009,'ZZ','IN',157),(2009,'ZZ','KS',40),(2009,'ZZ','KY',90),(2009,'ZZ','LA',151),(2009,'ZZ','MA',129),(2009,'ZZ','MD',248),(2009,'ZZ','MI',231),(2009,'ZZ','MN',103),(2009,'ZZ','MO',168),(2009,'ZZ','MS',32),(2009,'ZZ','MT',11),(2009,'ZZ','NB',60),(2009,'ZZ','NC',360),(2009,'ZZ','NJ',227),(2009,'ZZ','NM',23),(2009,'ZZ','NV',193),(2009,'ZZ','NY',631),(2009,'ZZ','OH',295),(2009,'ZZ','OK',67),(2009,'ZZ','OR',88),(2009,'ZZ','PA',237),(2009,'ZZ','RI',12),(2009,'ZZ','SC',70),(2009,'ZZ','TN',156),(2009,'ZZ','TX',534),(2009,'ZZ','UT',12),(2009,'ZZ','VA',258),(2009,'ZZ','WA',149),(2009,'ZZ','WI',117),(2009,'ZZ','WV',19),(2010,'AK','AK',359),(2010,'AK','HI',3),(2010,'AK','ID',3),(2010,'AK','ME',2),(2010,'AK','ND',1),(2010,'AK','WA',25),(2010,'AL','AK',3),(2010,'AL','AL',1710),(2010,'AL','AR',3),(2010,'AL','CT',10),(2010,'AL','DC',12),(2010,'AL','FL',232),(2010,'AL','GA',298),(2010,'AL','IL',107),(2010,'AL','IN',14),(2010,'AL','KS',4),(2010,'AL','KY',12),(2010,'AL','LA',80),(2010,'AL','MA',24),(2010,'AL','MD',22),(2010,'AL','MI',97),(2010,'AL','MS',39),(2010,'AL','NC',49),(2010,'AL','NJ',35),(2010,'AL','NY',97),(2010,'AL','OH',42),(2010,'AL','OK',6),(2010,'AL','OR',11),(2010,'AL','RI',2),(2010,'AL','SC',20),(2010,'AL','SD',2),(2010,'AL','TN',84),(2010,'AL','TX',49),(2010,'AL','UT',2),(2010,'AL','VA',26),(2010,'AL','WI',10),(2010,'AR','AR',315),(2010,'AR','IL',104),(2010,'AR','KS',16),(2010,'AR','LA',39),(2010,'AR','MN',16),(2010,'AR','MO',63),(2010,'AR','MS',7),(2010,'AR','OK',26),(2010,'AR','TN',55),(2010,'AR','TX',94),(2010,'AR','UT',2),(2010,'AR','WI',14),(2010,'AZ','AL',8),(2010,'AZ','AR',7),(2010,'AZ','AZ',4426),(2010,'AZ','CA',832),(2010,'AZ','CO',35),(2010,'AZ','CT',10),(2010,'AZ','DE',6),(2010,'AZ','IA',8),(2010,'AZ','ID',9),(2010,'AZ','IN',17),(2010,'AZ','KS',6),(2010,'AZ','KY',13),(2010,'AZ','MO',23),(2010,'AZ','MT',4),(2010,'AZ','NB',12),(2010,'AZ','NH',3),(2010,'AZ','NM',16),(2010,'AZ','NV',59),(2010,'AZ','NY',45),(2010,'AZ','OK',10),(2010,'AZ','OR',35),(2010,'AZ','PA',29),(2010,'AZ','SC',11),(2010,'AZ','SD',1),(2010,'AZ','TX',128),(2010,'AZ','UT',17),(2010,'AZ','WA',31),(2010,'AZ','WI',10),(2010,'CA','AK',5),(2010,'CA','AL',10),(2010,'CA','AR',5),(2010,'CA','AZ',213),(2010,'CA','CA',11710),(2010,'CA','CO',31),(2010,'CA','CT',10),(2010,'CA','DE',7),(2010,'CA','FL',108),(2010,'CA','GA',58),(2010,'CA','HI',4),(2010,'CA','IA',10),(2010,'CA','ID',29),(2010,'CA','IN',17),(2010,'CA','KS',7),(2010,'CA','LA',23),(2010,'CA','MA',15),(2010,'CA','MD',36),(2010,'CA','MN',14),(2010,'CA','MO',28),(2010,'CA','MS',9),(2010,'CA','MT',5),(2010,'CA','NB',12),(2010,'CA','NC',56),(2010,'CA','NH',1),(2010,'CA','NJ',27),(2010,'CA','NM',22),(2010,'CA','NV',178),(2010,'CA','NY',59),(2010,'CA','OH',34),(2010,'CA','OK',14),(2010,'CA','OR',46),(2010,'CA','PA',32),(2010,'CA','RI',1),(2010,'CA','SD',17),(2010,'CA','TN',25),(2010,'CA','TX',106),(2010,'CA','UT',33),(2010,'CA','VA',30),(2010,'CA','VT',1),(2010,'CA','WA',93),(2010,'CA','WI',21),(2010,'CA','WY',4),(2010,'CO','AK',7),(2010,'CO','AR',3),(2010,'CO','AZ',54),(2010,'CO','CA',129),(2010,'CO','CO',682),(2010,'CO','IA',9),(2010,'CO','ID',7),(2010,'CO','KS',7),(2010,'CO','MN',10),(2010,'CO','MS',7),(2010,'CO','MT',4),(2010,'CO','NB',7),(2010,'CO','ND',3),(2010,'CO','NM',13),(2010,'CO','NV',16),(2010,'CO','OK',6),(2010,'CO','OR',18),(2010,'CO','SD',2),(2010,'CO','TX',66),(2010,'CO','UT',20),(2010,'CO','VA',1),(2010,'CO','WA',13),(2010,'CO','WY',5),(2010,'CT','CT',479),(2010,'CT','MA',20),(2010,'CT','ME',5),(2010,'CT','NY',51),(2010,'CT','RI',4),(2010,'CT','VT',6),(2010,'CT','WY',2),(2010,'DC','DC',101),(2010,'DC','VA',91),(2010,'DE','DE',367),(2010,'DE','MD',47),(2010,'DE','ME',2),(2010,'DE','NH',1),(2010,'DE','PA',44),(2010,'FL','AK',6),(2010,'FL','AL',47),(2010,'FL','AZ',28),(2010,'FL','CA',136),(2010,'FL','CO',15),(2010,'FL','CT',30),(2010,'FL','DC',14),(2010,'FL','DE',11),(2010,'FL','FL',9764),(2010,'FL','GA',285),(2010,'FL','IA',5),(2010,'FL','ID',3),(2010,'FL','IL',109),(2010,'FL','IN',26),(2010,'FL','KS',5),(2010,'FL','KY',18),(2010,'FL','LA',52),(2010,'FL','MA',77),(2010,'FL','MD',86),(2010,'FL','ME',8),(2010,'FL','MI',55),(2010,'FL','MN',17),(2010,'FL','MO',24),(2010,'FL','MS',27),(2010,'FL','NC',162),(2010,'FL','ND',1),(2010,'FL','NH',4),(2010,'FL','NJ',124),(2010,'FL','NM',5),(2010,'FL','NV',28),(2010,'FL','NY',358),(2010,'FL','OH',65),(2010,'FL','OK',8),(2010,'FL','OR',17),(2010,'FL','PA',77),(2010,'FL','RI',5),(2010,'FL','SC',45),(2010,'FL','SD',1),(2010,'FL','TN',65),(2010,'FL','TX',102),(2010,'FL','UT',7),(2010,'FL','VA',58),(2010,'FL','VT',4),(2010,'FL','WA',13),(2010,'FL','WI',19),(2010,'FL','WV',13),(2010,'GA','AL',140),(2010,'GA','AR',5),(2010,'GA','CA',109),(2010,'GA','CO',9),(2010,'GA','CT',14),(2010,'GA','DC',38),(2010,'GA','DE',8),(2010,'GA','FL',409),(2010,'GA','GA',6070),(2010,'GA','IL',133),(2010,'GA','IN',32),(2010,'GA','KS',9),(2010,'GA','KY',18),(2010,'GA','LA',63),(2010,'GA','MA',44),(2010,'GA','MD',92),(2010,'GA','MI',79),(2010,'GA','MO',21),(2010,'GA','MS',22),(2010,'GA','NB',9),(2010,'GA','NC',191),(2010,'GA','NJ',134),(2010,'GA','NM',4),(2010,'GA','NV',13),(2010,'GA','NY',335),(2010,'GA','OH',60),(2010,'GA','OK',10),(2010,'GA','PA',96),(2010,'GA','RI',9),(2010,'GA','SC',100),(2010,'GA','TN',188),(2010,'GA','TX',90),(2010,'GA','VA',66),(2010,'GA','WA',20),(2010,'GA','WI',13),(2010,'GA','WV',4),(2010,'HI','HI',5),(2010,'IA','IA',463),(2010,'IA','ID',2),(2010,'IA','IL',83),(2010,'IA','KS',7),(2010,'IA','MN',15),(2010,'IA','NB',34),(2010,'IA','ND',1),(2010,'IA','RI',1),(2010,'IA','SD',1),(2010,'ID','AK',4),(2010,'ID','CA',117),(2010,'ID','ID',257),(2010,'ID','MT',8),(2010,'ID','NV',14),(2010,'ID','OR',42),(2010,'ID','UT',14),(2010,'ID','VT',1),(2010,'ID','WA',36),(2010,'ID','WY',4),(2010,'IL','AR',4),(2010,'IL','AZ',25),(2010,'IL','GA',29),(2010,'IL','HI',1),(2010,'IL','IA',26),(2010,'IL','IL',3695),(2010,'IL','IN',85),(2010,'IL','KY',17),(2010,'IL','MI',35),(2010,'IL','MN',18),(2010,'IL','MO',172),(2010,'IL','MS',7),(2010,'IL','MT',2),(2010,'IL','NB',10),(2010,'IL','ND',2),(2010,'IL','NV',20),(2010,'IL','OH',29),(2010,'IL','SD',2),(2010,'IL','TN',30),(2010,'IL','VT',1),(2010,'IL','WA',13),(2010,'IL','WI',68),(2010,'IN','AL',12),(2010,'IN','AR',3),(2010,'IN','AZ',28),(2010,'IN','IL',1053),(2010,'IN','IN',3349),(2010,'IN','KY',157),(2010,'IN','LA',16),(2010,'IN','ME',2),(2010,'IN','MI',91),(2010,'IN','MN',30),(2010,'IN','MO',21),(2010,'IN','MS',9),(2010,'IN','ND',2),(2010,'IN','OH',115),(2010,'IN','OK',6),(2010,'IN','RI',1),(2010,'IN','TN',45),(2010,'IN','WI',31),(2010,'IN','WV',5),(2010,'KS','AR',3),(2010,'KS','CO',10),(2010,'KS','IA',5),(2010,'KS','ID',2),(2010,'KS','KS',565),(2010,'KS','MO',240),(2010,'KS','MT',2),(2010,'KS','NB',6),(2010,'KS','NM',8),(2010,'KS','OK',14),(2010,'KY','AL',10),(2010,'KY','AR',4),(2010,'KY','DC',11),(2010,'KY','FL',87),(2010,'KY','GA',47),(2010,'KY','IL',149),(2010,'KY','IN',90),(2010,'KY','KY',1608),(2010,'KY','LA',24),(2010,'KY','MD',21),(2010,'KY','MI',87),(2010,'KY','MO',30),(2010,'KY','NC',50),(2010,'KY','NJ',27),(2010,'KY','OH',251),(2010,'KY','OK',6),(2010,'KY','SC',13),(2010,'KY','TN',176),(2010,'KY','TX',54),(2010,'KY','VA',35),(2010,'KY','WV',35),(2010,'LA','AK',2),(2010,'LA','AL',13),(2010,'LA','AR',15),(2010,'LA','CA',87),(2010,'LA','CO',9),(2010,'LA','FL',74),(2010,'LA','GA',52),(2010,'LA','IN',11),(2010,'LA','KS',8),(2010,'LA','KY',11),(2010,'LA','LA',4151),(2010,'LA','MS',82),(2010,'LA','MT',2),(2010,'LA','NC',36),(2010,'LA','NM',7),(2010,'LA','SC',9),(2010,'LA','TN',38),(2010,'LA','TX',266),(2010,'MA','CT',10),(2010,'MA','MA',438),(2010,'MA','ME',14),(2010,'MA','MT',2),(2010,'MA','NH',14),(2010,'MA','NM',4),(2010,'MA','RI',16),(2010,'MA','VT',5),(2010,'MD','AK',3),(2010,'MD','DC',297),(2010,'MD','DE',28),(2010,'MD','MD',2634),(2010,'MD','MT',4),(2010,'MD','NC',31),(2010,'MD','NJ',27),(2010,'MD','PA',41),(2010,'MD','RI',1),(2010,'MD','VA',78),(2010,'MD','WV',9),(2010,'ME','MA',118),(2010,'ME','ME',261),(2010,'ME','NH',14),(2010,'ME','RI',4),(2010,'ME','VT',3),(2010,'MI','AK',2),(2010,'MI','AL',8),(2010,'MI','IA',11),(2010,'MI','IL',105),(2010,'MI','IN',32),(2010,'MI','KY',21),(2010,'MI','ME',2),(2010,'MI','MI',2603),(2010,'MI','MN',10),(2010,'MI','MS',9),(2010,'MI','MT',2),(2010,'MI','ND',2),(2010,'MI','OH',86),(2010,'MI','SC',12),(2010,'MI','SD',1),(2010,'MI','UT',2),(2010,'MI','WI',19),(2010,'MI','WV',3),(2010,'MI','WY',2),(2010,'MN','AK',3),(2010,'MN','AZ',22),(2010,'MN','IA',12),(2010,'MN','MN',1031),(2010,'MN','NB',6),(2010,'MN','ND',22),(2010,'MN','OR',8),(2010,'MN','SD',2),(2010,'MN','WI',33),(2010,'MO','AK',4),(2010,'MO','AR',12),(2010,'MO','DE',4),(2010,'MO','IA',12),(2010,'MO','IL',128),(2010,'MO','KS',125),(2010,'MO','MN',10),(2010,'MO','MO',2162),(2010,'MO','NB',12),(2010,'MO','ND',1),(2010,'MO','NM',12),(2010,'MO','OK',14),(2010,'MO','UT',2),(2010,'MS','AL',41),(2010,'MS','AR',5),(2010,'MS','FL',70),(2010,'MS','GA',75),(2010,'MS','IA',8),(2010,'MS','IL',385),(2010,'MS','IN',18),(2010,'MS','KS',4),(2010,'MS','LA',223),(2010,'MS','MI',69),(2010,'MS','MN',10),(2010,'MS','MO',36),(2010,'MS','MS',1169),(2010,'MS','OK',10),(2010,'MS','RI',1),(2010,'MS','SD',1),(2010,'MS','TN',119),(2010,'MS','TX',68),(2010,'MS','WI',35),(2010,'MT','HI',1),(2010,'MT','ID',10),(2010,'MT','MT',151),(2010,'MT','ND',4),(2010,'MT','OR',15),(2010,'MT','UT',2),(2010,'MT','VT',1),(2010,'MT','WA',38),(2010,'MT','WY',5),(2010,'NB','AK',2),(2010,'NB','IA',40),(2010,'NB','KS',8),(2010,'NB','NB',432),(2010,'NB','ND',1),(2010,'NB','SD',5),(2010,'NC','AK',2),(2010,'NC','AL',15),(2010,'NC','CT',18),(2010,'NC','DC',82),(2010,'NC','DE',10),(2010,'NC','FL',121),(2010,'NC','GA',105),(2010,'NC','KY',13),(2010,'NC','LA',16),(2010,'NC','MA',30),(2010,'NC','MD',143),(2010,'NC','ME',3),(2010,'NC','MI',22),(2010,'NC','NC',5276),(2010,'NC','NJ',185),(2010,'NC','NY',322),(2010,'NC','OH',44),(2010,'NC','OR',10),(2010,'NC','PA',89),(2010,'NC','RI',5),(2010,'NC','SC',153),(2010,'NC','TN',56),(2010,'NC','UT',2),(2010,'NC','VA',159),(2010,'NC','VT',2),(2010,'NC','WA',20),(2010,'NC','WV',9),(2010,'ND','ID',2),(2010,'ND','MN',28),(2010,'ND','MT',4),(2010,'ND','ND',78),(2010,'ND','SD',2),(2010,'NH','MA',139),(2010,'NH','ME',9),(2010,'NH','NH',127),(2010,'NH','RI',5),(2010,'NH','VT',29),(2010,'NJ','DE',6),(2010,'NJ','NJ',405),(2010,'NJ','NY',45),(2010,'NJ','PA',44),(2010,'NJ','RI',1),(2010,'NJ','UT',2),(2010,'NM','AZ',47),(2010,'NM','CA',95),(2010,'NM','CO',26),(2010,'NM','ND',1),(2010,'NM','NM',496),(2010,'NM','NV',12),(2010,'NM','TX',66),(2010,'NM','UT',8),(2010,'NM','WA',13),(2010,'NM','WV',3),(2010,'NM','WY',2),(2010,'NV','AZ',52),(2010,'NV','CA',506),(2010,'NV','ID',11),(2010,'NV','NB',6),(2010,'NV','ND',1),(2010,'NV','NV',1225),(2010,'NV','OR',35),(2010,'NV','UT',11),(2010,'NV','WA',15),(2010,'NY','CT',19),(2010,'NY','FL',84),(2010,'NY','MA',19),(2010,'NY','MD',19),(2010,'NY','ND',1),(2010,'NY','NH',1),(2010,'NY','NJ',67),(2010,'NY','NY',1459),(2010,'NY','PA',31),(2010,'NY','RI',1),(2010,'NY','SC',9),(2010,'NY','SD',1),(2010,'NY','VT',4),(2010,'NY','WV',3),(2010,'NY','WY',2),(2010,'OH','AK',3),(2010,'OH','AL',14),(2010,'OH','AZ',35),(2010,'OH','CA',101),(2010,'OH','CT',10),(2010,'OH','DC',21),(2010,'OH','DE',4),(2010,'OH','FL',122),(2010,'OH','GA',58),(2010,'OH','IA',5),(2010,'OH','ID',3),(2010,'OH','IL',117),(2010,'OH','IN',59),(2010,'OH','KY',85),(2010,'OH','LA',21),(2010,'OH','MA',27),(2010,'OH','MD',51),(2010,'OH','ME',2),(2010,'OH','MI',229),(2010,'OH','MN',11),(2010,'OH','MO',23),(2010,'OH','NC',76),(2010,'OH','NH',2),(2010,'OH','NJ',91),(2010,'OH','NM',5),(2010,'OH','NV',14),(2010,'OH','NY',166),(2010,'OH','OH',5338),(2010,'OH','OK',10),(2010,'OH','OR',10),(2010,'OH','PA',129),(2010,'OH','RI',3),(2010,'OH','SC',17),(2010,'OH','SD',2),(2010,'OH','TN',45),(2010,'OH','TX',51),(2010,'OH','VA',43),(2010,'OH','WA',13),(2010,'OH','WI',15),(2010,'OH','WV',74),(2010,'OH','WY',3),(2010,'OK','AR',15),(2010,'OK','AZ',22),(2010,'OK','CA',102),(2010,'OK','CO',11),(2010,'OK','DC',8),(2010,'OK','IA',7),(2010,'OK','KS',18),(2010,'OK','LA',20),(2010,'OK','MO',46),(2010,'OK','MS',7),(2010,'OK','NB',6),(2010,'OK','NM',5),(2010,'OK','OK',964),(2010,'OK','SD',2),(2010,'OK','TX',158),(2010,'OK','WY',4),(2010,'OR','AK',3),(2010,'OR','AZ',29),(2010,'OR','CA',265),(2010,'OR','CO',8),(2010,'OR','HI',2),(2010,'OR','ID',17),(2010,'OR','MT',2),(2010,'OR','ND',1),(2010,'OR','NV',21),(2010,'OR','OR',1452),(2010,'OR','RI',3),(2010,'OR','SD',1),(2010,'OR','UT',2),(2010,'OR','WA',138),(2010,'PA','AK',2),(2010,'PA','AZ',28),(2010,'PA','CT',10),(2010,'PA','DC',21),(2010,'PA','DE',73),(2010,'PA','FL',101),(2010,'PA','GA',30),(2010,'PA','HI',1),(2010,'PA','IA',6),(2010,'PA','ID',2),(2010,'PA','IN',11),(2010,'PA','KS',7),(2010,'PA','MA',31),(2010,'PA','MD',239),(2010,'PA','ME',11),(2010,'PA','MI',25),(2010,'PA','MT',4),(2010,'PA','NC',56),(2010,'PA','NH',1),(2010,'PA','NJ',284),(2010,'PA','NM',4),(2010,'PA','NV',19),(2010,'PA','NY',334),(2010,'PA','OH',86),(2010,'PA','OR',9),(2010,'PA','PA',4436),(2010,'PA','RI',5),(2010,'PA','SC',15),(2010,'PA','VA',72),(2010,'PA','VT',1),(2010,'PA','WA',13),(2010,'PA','WV',14),(2010,'RI','ME',2),(2010,'RI','RI',99),(2010,'SC','CT',18),(2010,'SC','DC',39),(2010,'SC','DE',4),(2010,'SC','FL',85),(2010,'SC','GA',206),(2010,'SC','MA',30),(2010,'SC','MD',76),(2010,'SC','MS',8),(2010,'SC','NC',357),(2010,'SC','NJ',100),(2010,'SC','NY',267),(2010,'SC','OK',7),(2010,'SC','PA',59),(2010,'SC','RI',8),(2010,'SC','SC',1493),(2010,'SC','VA',39),(2010,'SC','WV',3),(2010,'SC','WY',4),(2010,'SD','IA',8),(2010,'SD','MN',16),(2010,'SD','MT',2),(2010,'SD','NB',9),(2010,'SD','ND',5),(2010,'SD','SD',73),(2010,'SD','WY',4),(2010,'TN','AL',29),(2010,'TN','AR',5),(2010,'TN','CO',8),(2010,'TN','DC',15),(2010,'TN','FL',91),(2010,'TN','GA',91),(2010,'TN','IL',137),(2010,'TN','IN',29),(2010,'TN','KS',4),(2010,'TN','KY',52),(2010,'TN','LA',25),(2010,'TN','ME',3),(2010,'TN','MI',51),(2010,'TN','MO',30),(2010,'TN','MS',39),(2010,'TN','MT',2),(2010,'TN','NC',77),(2010,'TN','ND',1),(2010,'TN','NJ',31),(2010,'TN','OH',44),(2010,'TN','OK',7),(2010,'TN','RI',1),(2010,'TN','SC',25),(2010,'TN','SD',1),(2010,'TN','TN',2206),(2010,'TN','TX',50),(2010,'TN','VA',45),(2010,'TN','WI',16),(2010,'TN','WV',3),(2010,'TX','AK',7),(2010,'TX','AL',26),(2010,'TX','AR',40),(2010,'TX','AZ',75),(2010,'TX','CA',368),(2010,'TX','CO',48),(2010,'TX','CT',9),(2010,'TX','DC',16),(2010,'TX','DE',5),(2010,'TX','FL',196),(2010,'TX','GA',97),(2010,'TX','HI',2),(2010,'TX','IA',15),(2010,'TX','ID',9),(2010,'TX','IL',109),(2010,'TX','IN',33),(2010,'TX','KS',21),(2010,'TX','KY',20),(2010,'TX','LA',240),(2010,'TX','MD',57),(2010,'TX','ME',3),(2010,'TX','MI',54),(2010,'TX','MN',28),(2010,'TX','MO',60),(2010,'TX','MS',38),(2010,'TX','MT',2),(2010,'TX','NB',15),(2010,'TX','NC',84),(2010,'TX','NJ',50),(2010,'TX','NM',37),(2010,'TX','NV',39),(2010,'TX','NY',93),(2010,'TX','OH',53),(2010,'TX','OK',82),(2010,'TX','OR',18),(2010,'TX','PA',56),(2010,'TX','RI',1),(2010,'TX','SC',17),(2010,'TX','SD',2),(2010,'TX','TN',70),(2010,'TX','TX',8163),(2010,'TX','UT',8),(2010,'TX','VA',56),(2010,'TX','VT',1),(2010,'TX','WA',23),(2010,'TX','WI',20),(2010,'TX','WV',8),(2010,'TX','WY',6),(2010,'UT','AK',4),(2010,'UT','AZ',34),(2010,'UT','CA',144),(2010,'UT','CO',11),(2010,'UT','ID',6),(2010,'UT','MT',2),(2010,'UT','ND',1),(2010,'UT','NV',33),(2010,'UT','SD',6),(2010,'UT','UT',366),(2010,'UT','WY',10),(2010,'VA','AL',10),(2010,'VA','CT',16),(2010,'VA','DC',210),(2010,'VA','DE',23),(2010,'VA','FL',112),(2010,'VA','GA',71),(2010,'VA','ID',2),(2010,'VA','IN',20),(2010,'VA','KY',24),(2010,'VA','LA',16),(2010,'VA','MA',30),(2010,'VA','MD',410),(2010,'VA','ME',3),(2010,'VA','MI',23),(2010,'VA','MT',3),(2010,'VA','NC',322),(2010,'VA','NH',1),(2010,'VA','NJ',171),(2010,'VA','NY',415),(2010,'VA','OH',43),(2010,'VA','OK',8),(2010,'VA','PA',95),(2010,'VA','RI',1),(2010,'VA','SC',29),(2010,'VA','TN',44),(2010,'VA','VA',4128),(2010,'VA','VT',2),(2010,'VA','WV',16),(2010,'VT','CT',12),(2010,'VT','MA',27),(2010,'VT','ME',4),(2010,'VT','NH',5),(2010,'VT','RI',1),(2010,'VT','VT',67),(2010,'WA','AK',11),(2010,'WA','AZ',32),(2010,'WA','CA',206),(2010,'WA','CO',14),(2010,'WA','ID',32),(2010,'WA','MT',37),(2010,'WA','NB',7),(2010,'WA','ND',4),(2010,'WA','NM',10),(2010,'WA','NV',23),(2010,'WA','OR',116),(2010,'WA','RI',1),(2010,'WA','SD',1),(2010,'WA','UT',2),(2010,'WA','VT',1),(2010,'WA','WA',1625),(2010,'WA','WV',3),(2010,'WA','WY',3),(2010,'WI','IL',251),(2010,'WI','MN',71),(2010,'WI','MT',3),(2010,'WI','ND',4),(2010,'WI','RI',2),(2010,'WI','SD',1),(2010,'WI','WI',1522),(2010,'WV','DC',29),(2010,'WV','DE',4),(2010,'WV','HI',1),(2010,'WV','KY',167),(2010,'WV','MD',123),(2010,'WV','ME',3),(2010,'WV','MI',65),(2010,'WV','NC',81),(2010,'WV','NJ',39),(2010,'WV','NY',73),(2010,'WV','OH',109),(2010,'WV','PA',71),(2010,'WV','VA',84),(2010,'WV','WV',528),(2010,'WY','CO',11),(2010,'WY','ID',2),(2010,'WY','MT',5),(2010,'WY','NB',7),(2010,'WY','OR',8),(2010,'WY','SD',1),(2010,'WY','UT',8),(2010,'WY','WY',82),(2010,'ZZ','AK',19),(2010,'ZZ','AL',62),(2010,'ZZ','AR',16),(2010,'ZZ','AZ',327),(2010,'ZZ','CA',1140),(2010,'ZZ','CO',116),(2010,'ZZ','CT',73),(2010,'ZZ','DC',66),(2010,'ZZ','DE',35),(2010,'ZZ','FL',774),(2010,'ZZ','GA',329),(2010,'ZZ','IA',37),(2010,'ZZ','ID',17),(2010,'ZZ','IL',608),(2010,'ZZ','IN',114),(2010,'ZZ','KS',46),(2010,'ZZ','KY',104),(2010,'ZZ','LA',154),(2010,'ZZ','MA',143),(2010,'ZZ','MD',258),(2010,'ZZ','ME',12),(2010,'ZZ','MI',226),(2010,'ZZ','MN',114),(2010,'ZZ','MO',209),(2010,'ZZ','MS',45),(2010,'ZZ','MT',9),(2010,'ZZ','NB',59),(2010,'ZZ','NC',386),(2010,'ZZ','NJ',183),(2010,'ZZ','NM',35),(2010,'ZZ','NV',175),(2010,'ZZ','NY',572),(2010,'ZZ','OH',247),(2010,'ZZ','OK',54),(2010,'ZZ','OR',106),(2010,'ZZ','PA',302),(2010,'ZZ','SC',79),(2010,'ZZ','TN',223),(2010,'ZZ','TX',600),(2010,'ZZ','UT',17),(2010,'ZZ','VA',263),(2010,'ZZ','WA',131),(2010,'ZZ','WI',94),(2010,'ZZ','WV',15),(2010,'ZZ','WY',15),(2011,'AK','AK',338),(2011,'AK','AL',0),(2011,'AK','AR',0),(2011,'AK','AZ',0),(2011,'AK','CA',0),(2011,'AK','CO',0),(2011,'AK','CT',0),(2011,'AK','DC',0),(2011,'AK','DE',0),(2011,'AK','FL',0),(2011,'AK','GA',0),(2011,'AK','HI',2),(2011,'AK','IA',0),(2011,'AK','ID',7),(2011,'AK','IL',0),(2011,'AK','IN',0),(2011,'AK','KS',6),(2011,'AK','KY',0),(2011,'AK','LA',0),(2011,'AK','MA',0),(2011,'AK','MD',0),(2011,'AK','ME',0),(2011,'AK','MI',0),(2011,'AK','MN',0),(2011,'AK','MO',0),(2011,'AK','MS',0),(2011,'AK','MT',0),(2011,'AK','NB',0),(2011,'AK','NC',0),(2011,'AK','ND',1),(2011,'AK','NH',0),(2011,'AK','NJ',0),(2011,'AK','NM',0),(2011,'AK','NV',0),(2011,'AK','NY',0),(2011,'AK','OH',0),(2011,'AK','OK',0),(2011,'AK','OR',27),(2011,'AK','PA',0),(2011,'AK','RI',0),(2011,'AK','SC',0),(2011,'AK','SD',0),(2011,'AK','TN',0),(2011,'AK','TX',0),(2011,'AK','UT',0),(2011,'AK','VA',0),(2011,'AK','VT',0),(2011,'AK','WA',22),(2011,'AK','WI',0),(2011,'AK','WV',0),(2011,'AK','WY',0),(2011,'AL','AK',0),(2011,'AL','AL',1894),(2011,'AL','AR',0),(2011,'AL','AZ',0),(2011,'AL','CA',0),(2011,'AL','CO',0),(2011,'AL','CT',0),(2011,'AL','DC',15),(2011,'AL','DE',3),(2011,'AL','FL',264),(2011,'AL','GA',312),(2011,'AL','IA',8),(2011,'AL','ID',0),(2011,'AL','IL',99),(2011,'AL','IN',19),(2011,'AL','KS',0),(2011,'AL','KY',10),(2011,'AL','LA',57),(2011,'AL','MA',15),(2011,'AL','MD',53),(2011,'AL','ME',1),(2011,'AL','MI',72),(2011,'AL','MN',0),(2011,'AL','MO',20),(2011,'AL','MS',47),(2011,'AL','MT',0),(2011,'AL','NB',0),(2011,'AL','NC',55),(2011,'AL','ND',1),(2011,'AL','NH',0),(2011,'AL','NJ',38),(2011,'AL','NM',5),(2011,'AL','NV',0),(2011,'AL','NY',109),(2011,'AL','OH',30),(2011,'AL','OK',7),(2011,'AL','OR',0),(2011,'AL','PA',0),(2011,'AL','RI',2),(2011,'AL','SC',20),(2011,'AL','SD',2),(2011,'AL','TN',67),(2011,'AL','TX',62),(2011,'AL','UT',3),(2011,'AL','VA',22),(2011,'AL','VT',0),(2011,'AL','WA',0),(2011,'AL','WI',0),(2011,'AL','WV',0),(2011,'AL','WY',0),(2011,'AR','AK',0),(2011,'AR','AL',11),(2011,'AR','AR',310),(2011,'AR','AZ',0),(2011,'AR','CA',0),(2011,'AR','CO',0),(2011,'AR','CT',0),(2011,'AR','DC',0),(2011,'AR','DE',0),(2011,'AR','FL',0),(2011,'AR','GA',0),(2011,'AR','IA',0),(2011,'AR','ID',0),(2011,'AR','IL',88),(2011,'AR','IN',0),(2011,'AR','KS',18),(2011,'AR','KY',9),(2011,'AR','LA',32),(2011,'AR','MA',0),(2011,'AR','MD',0),(2011,'AR','ME',0),(2011,'AR','MI',21),(2011,'AR','MN',10),(2011,'AR','MO',51),(2011,'AR','MS',14),(2011,'AR','MT',0),(2011,'AR','NB',6),(2011,'AR','NC',0),(2011,'AR','ND',3),(2011,'AR','NH',0),(2011,'AR','NJ',0),(2011,'AR','NM',0),(2011,'AR','NV',0),(2011,'AR','NY',0),(2011,'AR','OH',0),(2011,'AR','OK',38),(2011,'AR','OR',0),(2011,'AR','PA',0),(2011,'AR','RI',0),(2011,'AR','SC',0),(2011,'AR','SD',0),(2011,'AR','TN',19),(2011,'AR','TX',92),(2011,'AR','UT',0),(2011,'AR','VA',0),(2011,'AR','VT',2),(2011,'AR','WA',0),(2011,'AR','WI',20),(2011,'AR','WV',0),(2011,'AR','WY',0),(2011,'AZ','AK',6),(2011,'AZ','AL',9),(2011,'AZ','AR',3),(2011,'AZ','AZ',4571),(2011,'AZ','CA',995),(2011,'AZ','CO',27),(2011,'AZ','CT',0),(2011,'AZ','DC',0),(2011,'AZ','DE',0),(2011,'AZ','FL',0),(2011,'AZ','GA',0),(2011,'AZ','HI',12),(2011,'AZ','IA',0),(2011,'AZ','ID',16),(2011,'AZ','IL',0),(2011,'AZ','IN',15),(2011,'AZ','KS',14),(2011,'AZ','KY',0),(2011,'AZ','LA',0),(2011,'AZ','MA',13),(2011,'AZ','MD',0),(2011,'AZ','ME',0),(2011,'AZ','MI',22),(2011,'AZ','MN',0),(2011,'AZ','MO',0),(2011,'AZ','MS',4),(2011,'AZ','MT',4),(2011,'AZ','NB',9),(2011,'AZ','NC',0),(2011,'AZ','ND',4),(2011,'AZ','NH',1),(2011,'AZ','NJ',0),(2011,'AZ','NM',30),(2011,'AZ','NV',64),(2011,'AZ','NY',48),(2011,'AZ','OH',30),(2011,'AZ','OK',11),(2011,'AZ','OR',33),(2011,'AZ','PA',0),(2011,'AZ','RI',0),(2011,'AZ','SC',0),(2011,'AZ','SD',1),(2011,'AZ','TN',0),(2011,'AZ','TX',90),(2011,'AZ','UT',12),(2011,'AZ','VA',0),(2011,'AZ','VT',0),(2011,'AZ','WA',36),(2011,'AZ','WI',11),(2011,'AZ','WV',3),(2011,'AZ','WY',4),(2011,'CA','AK',8),(2011,'CA','AL',14),(2011,'CA','AR',2),(2011,'CA','AZ',222),(2011,'CA','CA',12481),(2011,'CA','CO',62),(2011,'CA','CT',0),(2011,'CA','DC',15),(2011,'CA','DE',4),(2011,'CA','FL',95),(2011,'CA','GA',46),(2011,'CA','HI',11),(2011,'CA','IA',17),(2011,'CA','ID',24),(2011,'CA','IL',0),(2011,'CA','IN',23),(2011,'CA','KS',15),(2011,'CA','KY',7),(2011,'CA','LA',29),(2011,'CA','MA',38),(2011,'CA','MD',42),(2011,'CA','ME',1),(2011,'CA','MI',23),(2011,'CA','MN',19),(2011,'CA','MO',33),(2011,'CA','MS',10),(2011,'CA','MT',17),(2011,'CA','NB',22),(2011,'CA','NC',47),(2011,'CA','ND',3),(2011,'CA','NH',1),(2011,'CA','NJ',0),(2011,'CA','NM',16),(2011,'CA','NV',133),(2011,'CA','NY',69),(2011,'CA','OH',36),(2011,'CA','OK',16),(2011,'CA','OR',147),(2011,'CA','PA',26),(2011,'CA','RI',4),(2011,'CA','SC',12),(2011,'CA','SD',0),(2011,'CA','TN',0),(2011,'CA','TX',137),(2011,'CA','UT',36),(2011,'CA','VA',33),(2011,'CA','VT',0),(2011,'CA','WA',102),(2011,'CA','WI',9),(2011,'CA','WV',5),(2011,'CA','WY',2),(2011,'CO','AK',5),(2011,'CO','AL',0),(2011,'CO','AR',2),(2011,'CO','AZ',49),(2011,'CO','CA',129),(2011,'CO','CO',1014),(2011,'CO','CT',0),(2011,'CO','DC',0),(2011,'CO','DE',0),(2011,'CO','FL',0),(2011,'CO','GA',0),(2011,'CO','HI',1),(2011,'CO','IA',7),(2011,'CO','ID',10),(2011,'CO','IL',0),(2011,'CO','IN',0),(2011,'CO','KS',14),(2011,'CO','KY',0),(2011,'CO','LA',0),(2011,'CO','MA',0),(2011,'CO','MD',0),(2011,'CO','ME',1),(2011,'CO','MI',0),(2011,'CO','MN',0),(2011,'CO','MO',23),(2011,'CO','MS',0),(2011,'CO','MT',0),(2011,'CO','NB',8),(2011,'CO','NC',0),(2011,'CO','ND',1),(2011,'CO','NH',0),(2011,'CO','NJ',0),(2011,'CO','NM',19),(2011,'CO','NV',27),(2011,'CO','NY',0),(2011,'CO','OH',0),(2011,'CO','OK',7),(2011,'CO','OR',14),(2011,'CO','PA',0),(2011,'CO','RI',0),(2011,'CO','SC',9),(2011,'CO','SD',4),(2011,'CO','TN',0),(2011,'CO','TX',50),(2011,'CO','UT',11),(2011,'CO','VA',0),(2011,'CO','VT',0),(2011,'CO','WA',12),(2011,'CO','WI',0),(2011,'CO','WV',0),(2011,'CO','WY',8),(2011,'CT','AK',0),(2011,'CT','AL',0),(2011,'CT','AR',0),(2011,'CT','AZ',0),(2011,'CT','CA',0),(2011,'CT','CO',0),(2011,'CT','CT',544),(2011,'CT','DC',0),(2011,'CT','DE',0),(2011,'CT','FL',0),(2011,'CT','GA',0),(2011,'CT','IA',0),(2011,'CT','ID',0),(2011,'CT','IL',0),(2011,'CT','IN',0),(2011,'CT','KS',0),(2011,'CT','KY',0),(2011,'CT','LA',0),(2011,'CT','MA',17),(2011,'CT','MD',0),(2011,'CT','ME',2),(2011,'CT','MI',0),(2011,'CT','MN',0),(2011,'CT','MO',0),(2011,'CT','MS',0),(2011,'CT','MT',0),(2011,'CT','NB',0),(2011,'CT','NC',0),(2011,'CT','ND',0),(2011,'CT','NH',0),(2011,'CT','NJ',0),(2011,'CT','NM',0),(2011,'CT','NV',0),(2011,'CT','NY',54),(2011,'CT','OH',0),(2011,'CT','OK',0),(2011,'CT','OR',0),(2011,'CT','PA',0),(2011,'CT','RI',9),(2011,'CT','SC',0),(2011,'CT','SD',0),(2011,'CT','TN',0),(2011,'CT','TX',0),(2011,'CT','UT',0),(2011,'CT','VA',0),(2011,'CT','VT',6),(2011,'CT','WA',0),(2011,'CT','WI',0),(2011,'CT','WV',0),(2011,'CT','WY',1),(2011,'DC','AK',0),(2011,'DC','AL',0),(2011,'DC','AR',0),(2011,'DC','AZ',0),(2011,'DC','CA',0),(2011,'DC','CO',0),(2011,'DC','CT',0),(2011,'DC','DC',20),(2011,'DC','DE',0),(2011,'DC','FL',0),(2011,'DC','GA',0),(2011,'DC','IA',0),(2011,'DC','ID',0),(2011,'DC','IL',0),(2011,'DC','IN',0),(2011,'DC','KS',0),(2011,'DC','KY',0),(2011,'DC','LA',0),(2011,'DC','MA',0),(2011,'DC','MD',0),(2011,'DC','ME',0),(2011,'DC','MI',0),(2011,'DC','MN',0),(2011,'DC','MO',0),(2011,'DC','MS',0),(2011,'DC','MT',0),(2011,'DC','NB',0),(2011,'DC','NC',0),(2011,'DC','ND',0),(2011,'DC','NH',0),(2011,'DC','NJ',0),(2011,'DC','NM',0),(2011,'DC','NV',0),(2011,'DC','NY',0),(2011,'DC','OH',0),(2011,'DC','OK',0),(2011,'DC','OR',0),(2011,'DC','PA',0),(2011,'DC','RI',0),(2011,'DC','SC',0),(2011,'DC','SD',0),(2011,'DC','TN',0),(2011,'DC','TX',0),(2011,'DC','UT',0),(2011,'DC','VA',0),(2011,'DC','VT',0),(2011,'DC','WA',0),(2011,'DC','WI',0),(2011,'DC','WV',0),(2011,'DC','WY',0),(2011,'DE','AK',0),(2011,'DE','AL',0),(2011,'DE','AR',0),(2011,'DE','AZ',0),(2011,'DE','CA',0),(2011,'DE','CO',0),(2011,'DE','CT',0),(2011,'DE','DC',0),(2011,'DE','DE',387),(2011,'DE','FL',0),(2011,'DE','GA',0),(2011,'DE','IA',0),(2011,'DE','ID',0),(2011,'DE','IL',0),(2011,'DE','IN',0),(2011,'DE','KS',0),(2011,'DE','KY',0),(2011,'DE','LA',0),(2011,'DE','MA',0),(2011,'DE','MD',64),(2011,'DE','ME',0),(2011,'DE','MI',0),(2011,'DE','MN',0),(2011,'DE','MO',0),(2011,'DE','MS',0),(2011,'DE','MT',0),(2011,'DE','NB',0),(2011,'DE','NC',0),(2011,'DE','ND',0),(2011,'DE','NH',0),(2011,'DE','NJ',34),(2011,'DE','NM',0),(2011,'DE','NV',0),(2011,'DE','NY',0),(2011,'DE','OH',0),(2011,'DE','OK',0),(2011,'DE','OR',0),(2011,'DE','PA',43),(2011,'DE','RI',2),(2011,'DE','SC',0),(2011,'DE','SD',0),(2011,'DE','TN',0),(2011,'DE','TX',0),(2011,'DE','UT',0),(2011,'DE','VA',0),(2011,'DE','VT',0),(2011,'DE','WA',0),(2011,'DE','WI',0),(2011,'DE','WV',0),(2011,'DE','WY',0),(2011,'FL','AK',4),(2011,'FL','AL',53),(2011,'FL','AR',5),(2011,'FL','AZ',47),(2011,'FL','CA',146),(2011,'FL','CO',26),(2011,'FL','CT',27),(2011,'FL','DC',21),(2011,'FL','DE',8),(2011,'FL','FL',10603),(2011,'FL','GA',281),(2011,'FL','IA',10),(2011,'FL','ID',0),(2011,'FL','IL',111),(2011,'FL','IN',37),(2011,'FL','KS',0),(2011,'FL','KY',25),(2011,'FL','LA',56),(2011,'FL','MA',56),(2011,'FL','MD',105),(2011,'FL','ME',4),(2011,'FL','MI',44),(2011,'FL','MN',12),(2011,'FL','MO',37),(2011,'FL','MS',26),(2011,'FL','MT',3),(2011,'FL','NB',5),(2011,'FL','NC',205),(2011,'FL','ND',2),(2011,'FL','NH',1),(2011,'FL','NJ',104),(2011,'FL','NM',0),(2011,'FL','NV',15),(2011,'FL','NY',341),(2011,'FL','OH',78),(2011,'FL','OK',12),(2011,'FL','OR',14),(2011,'FL','PA',93),(2011,'FL','RI',14),(2011,'FL','SC',50),(2011,'FL','SD',0),(2011,'FL','TN',51),(2011,'FL','TX',124),(2011,'FL','UT',5),(2011,'FL','VA',51),(2011,'FL','VT',7),(2011,'FL','WA',19),(2011,'FL','WI',16),(2011,'FL','WV',12),(2011,'FL','WY',0),(2011,'GA','AK',0),(2011,'GA','AL',109),(2011,'GA','AR',7),(2011,'GA','AZ',35),(2011,'GA','CA',137),(2011,'GA','CO',0),(2011,'GA','CT',17),(2011,'GA','DC',55),(2011,'GA','DE',11),(2011,'GA','FL',443),(2011,'GA','GA',6390),(2011,'GA','IA',8),(2011,'GA','ID',0),(2011,'GA','IL',100),(2011,'GA','IN',25),(2011,'GA','KS',9),(2011,'GA','KY',29),(2011,'GA','LA',54),(2011,'GA','MA',60),(2011,'GA','MD',127),(2011,'GA','ME',2),(2011,'GA','MI',68),(2011,'GA','MN',0),(2011,'GA','MO',26),(2011,'GA','MS',28),(2011,'GA','MT',0),(2011,'GA','NB',0),(2011,'GA','NC',220),(2011,'GA','ND',1),(2011,'GA','NH',0),(2011,'GA','NJ',145),(2011,'GA','NM',3),(2011,'GA','NV',10),(2011,'GA','NY',332),(2011,'GA','OH',51),(2011,'GA','OK',15),(2011,'GA','OR',0),(2011,'GA','PA',92),(2011,'GA','RI',9),(2011,'GA','SC',98),(2011,'GA','SD',1),(2011,'GA','TN',184),(2011,'GA','TX',91),(2011,'GA','UT',3),(2011,'GA','VA',73),(2011,'GA','VT',0),(2011,'GA','WA',9),(2011,'GA','WI',12),(2011,'GA','WV',3),(2011,'GA','WY',1),(2011,'HI','HI',20),(2011,'IA','AK',0),(2011,'IA','AL',0),(2011,'IA','AR',2),(2011,'IA','AZ',0),(2011,'IA','CA',0),(2011,'IA','CO',0),(2011,'IA','CT',0),(2011,'IA','DC',0),(2011,'IA','DE',0),(2011,'IA','FL',0),(2011,'IA','GA',0),(2011,'IA','IA',537),(2011,'IA','ID',0),(2011,'IA','IL',87),(2011,'IA','IN',0),(2011,'IA','KS',6),(2011,'IA','KY',0),(2011,'IA','LA',0),(2011,'IA','MA',0),(2011,'IA','MD',0),(2011,'IA','ME',0),(2011,'IA','MI',0),(2011,'IA','MN',14),(2011,'IA','MO',0),(2011,'IA','MS',0),(2011,'IA','MT',0),(2011,'IA','NB',65),(2011,'IA','NC',0),(2011,'IA','ND',1),(2011,'IA','NH',0),(2011,'IA','NJ',0),(2011,'IA','NM',0),(2011,'IA','NV',0),(2011,'IA','NY',0),(2011,'IA','OH',0),(2011,'IA','OK',0),(2011,'IA','OR',0),(2011,'IA','PA',0),(2011,'IA','RI',0),(2011,'IA','SC',0),(2011,'IA','SD',1),(2011,'IA','TN',0),(2011,'IA','TX',0),(2011,'IA','UT',0),(2011,'IA','VA',0),(2011,'IA','VT',0),(2011,'IA','WA',0),(2011,'IA','WI',0),(2011,'IA','WV',0),(2011,'IA','WY',1),(2011,'ID','AK',3),(2011,'ID','AL',0),(2011,'ID','AR',0),(2011,'ID','AZ',0),(2011,'ID','CA',125),(2011,'ID','CO',0),(2011,'ID','CT',0),(2011,'ID','DC',0),(2011,'ID','DE',0),(2011,'ID','FL',0),(2011,'ID','GA',0),(2011,'ID','HI',2),(2011,'ID','IA',0),(2011,'ID','ID',299),(2011,'ID','IL',0),(2011,'ID','IN',0),(2011,'ID','KS',0),(2011,'ID','KY',0),(2011,'ID','LA',0),(2011,'ID','MA',0),(2011,'ID','MD',0),(2011,'ID','ME',0),(2011,'ID','MI',0),(2011,'ID','MN',0),(2011,'ID','MO',0),(2011,'ID','MS',0),(2011,'ID','MT',0),(2011,'ID','NB',0),(2011,'ID','NC',0),(2011,'ID','ND',1),(2011,'ID','NH',0),(2011,'ID','NJ',0),(2011,'ID','NM',0),(2011,'ID','NV',18),(2011,'ID','NY',0),(2011,'ID','OH',0),(2011,'ID','OK',0),(2011,'ID','OR',22),(2011,'ID','PA',0),(2011,'ID','RI',0),(2011,'ID','SC',0),(2011,'ID','SD',0),(2011,'ID','TN',0),(2011,'ID','TX',0),(2011,'ID','UT',11),(2011,'ID','VA',0),(2011,'ID','VT',0),(2011,'ID','WA',61),(2011,'ID','WI',0),(2011,'ID','WV',0),(2011,'ID','WY',5),(2011,'IL','AK',3),(2011,'IL','AL',0),(2011,'IL','AR',4),(2011,'IL','AZ',33),(2011,'IL','CA',0),(2011,'IL','CO',0),(2011,'IL','CT',0),(2011,'IL','DC',0),(2011,'IL','DE',0),(2011,'IL','FL',0),(2011,'IL','GA',0),(2011,'IL','IA',15),(2011,'IL','ID',5),(2011,'IL','IL',3953),(2011,'IL','IN',66),(2011,'IL','KS',9),(2011,'IL','KY',10),(2011,'IL','LA',0),(2011,'IL','MA',0),(2011,'IL','MD',0),(2011,'IL','ME',0),(2011,'IL','MI',21),(2011,'IL','MN',11),(2011,'IL','MO',130),(2011,'IL','MS',7),(2011,'IL','MT',0),(2011,'IL','NB',9),(2011,'IL','NC',0),(2011,'IL','ND',0),(2011,'IL','NH',0),(2011,'IL','NJ',0),(2011,'IL','NM',0),(2011,'IL','NV',0),(2011,'IL','NY',0),(2011,'IL','OH',27),(2011,'IL','OK',0),(2011,'IL','OR',0),(2011,'IL','PA',0),(2011,'IL','RI',0),(2011,'IL','SC',0),(2011,'IL','SD',0),(2011,'IL','TN',21),(2011,'IL','TX',0),(2011,'IL','UT',0),(2011,'IL','VA',0),(2011,'IL','VT',2),(2011,'IL','WA',0),(2011,'IL','WI',81),(2011,'IL','WV',3),(2011,'IL','WY',0),(2011,'IN','AK',0),(2011,'IN','AL',0),(2011,'IN','AR',4),(2011,'IN','AZ',0),(2011,'IN','CA',0),(2011,'IN','CO',0),(2011,'IN','CT',0),(2011,'IN','DC',0),(2011,'IN','DE',3),(2011,'IN','FL',86),(2011,'IN','GA',30),(2011,'IN','IA',7),(2011,'IN','ID',0),(2011,'IN','IL',1048),(2011,'IN','IN',3453),(2011,'IN','KS',6),(2011,'IN','KY',122),(2011,'IN','LA',0),(2011,'IN','MA',0),(2011,'IN','MD',0),(2011,'IN','ME',1),(2011,'IN','MI',82),(2011,'IN','MN',24),(2011,'IN','MO',27),(2011,'IN','MS',0),(2011,'IN','MT',0),(2011,'IN','NB',5),(2011,'IN','NC',0),(2011,'IN','ND',1),(2011,'IN','NH',0),(2011,'IN','NJ',0),(2011,'IN','NM',0),(2011,'IN','NV',9),(2011,'IN','NY',0),(2011,'IN','OH',122),(2011,'IN','OK',0),(2011,'IN','OR',9),(2011,'IN','PA',0),(2011,'IN','RI',2),(2011,'IN','SC',0),(2011,'IN','SD',0),(2011,'IN','TN',38),(2011,'IN','TX',0),(2011,'IN','UT',0),(2011,'IN','VA',0),(2011,'IN','VT',0),(2011,'IN','WA',9),(2011,'IN','WI',51),(2011,'IN','WV',6),(2011,'IN','WY',1),(2011,'KS','AK',0),(2011,'KS','AL',0),(2011,'KS','AR',0),(2011,'KS','AZ',0),(2011,'KS','CA',0),(2011,'KS','CO',19),(2011,'KS','CT',0),(2011,'KS','DC',0),(2011,'KS','DE',0),(2011,'KS','FL',0),(2011,'KS','GA',0),(2011,'KS','IA',9),(2011,'KS','ID',0),(2011,'KS','IL',0),(2011,'KS','IN',0),(2011,'KS','KS',836),(2011,'KS','KY',0),(2011,'KS','LA',0),(2011,'KS','MA',0),(2011,'KS','MD',0),(2011,'KS','ME',0),(2011,'KS','MI',0),(2011,'KS','MN',0),(2011,'KS','MO',151),(2011,'KS','MS',0),(2011,'KS','MT',4),(2011,'KS','NB',14),(2011,'KS','NC',0),(2011,'KS','ND',0),(2011,'KS','NH',0),(2011,'KS','NJ',0),(2011,'KS','NM',3),(2011,'KS','NV',0),(2011,'KS','NY',0),(2011,'KS','OH',0),(2011,'KS','OK',28),(2011,'KS','OR',0),(2011,'KS','PA',0),(2011,'KS','RI',0),(2011,'KS','SC',0),(2011,'KS','SD',0),(2011,'KS','TN',0),(2011,'KS','TX',0),(2011,'KS','UT',0),(2011,'KS','VA',0),(2011,'KS','VT',0),(2011,'KS','WA',0),(2011,'KS','WI',0),(2011,'KS','WV',0),(2011,'KS','WY',3),(2011,'KY','AK',2),(2011,'KY','AL',22),(2011,'KY','AR',3),(2011,'KY','AZ',0),(2011,'KY','CA',0),(2011,'KY','CO',0),(2011,'KY','CT',0),(2011,'KY','DC',0),(2011,'KY','DE',3),(2011,'KY','FL',95),(2011,'KY','GA',44),(2011,'KY','IA',0),(2011,'KY','ID',0),(2011,'KY','IL',167),(2011,'KY','IN',97),(2011,'KY','KS',0),(2011,'KY','KY',1336),(2011,'KY','LA',13),(2011,'KY','MA',0),(2011,'KY','MD',30),(2011,'KY','ME',0),(2011,'KY','MI',74),(2011,'KY','MN',0),(2011,'KY','MO',0),(2011,'KY','MS',0),(2011,'KY','MT',0),(2011,'KY','NB',0),(2011,'KY','NC',51),(2011,'KY','ND',0),(2011,'KY','NH',0),(2011,'KY','NJ',19),(2011,'KY','NM',3),(2011,'KY','NV',0),(2011,'KY','NY',0),(2011,'KY','OH',285),(2011,'KY','OK',0),(2011,'KY','OR',0),(2011,'KY','PA',24),(2011,'KY','RI',0),(2011,'KY','SC',19),(2011,'KY','SD',0),(2011,'KY','TN',141),(2011,'KY','TX',0),(2011,'KY','UT',0),(2011,'KY','VA',25),(2011,'KY','VT',2),(2011,'KY','WA',0),(2011,'KY','WI',11),(2011,'KY','WV',22),(2011,'KY','WY',0),(2011,'LA','AK',0),(2011,'LA','AL',15),(2011,'LA','AR',8),(2011,'LA','AZ',0),(2011,'LA','CA',101),(2011,'LA','CO',13),(2011,'LA','CT',0),(2011,'LA','DC',0),(2011,'LA','DE',5),(2011,'LA','FL',0),(2011,'LA','GA',74),(2011,'LA','IA',9),(2011,'LA','ID',0),(2011,'LA','IL',0),(2011,'LA','IN',0),(2011,'LA','KS',6),(2011,'LA','KY',0),(2011,'LA','LA',3992),(2011,'LA','MA',0),(2011,'LA','MD',0),(2011,'LA','ME',0),(2011,'LA','MI',0),(2011,'LA','MN',0),(2011,'LA','MO',0),(2011,'LA','MS',78),(2011,'LA','MT',0),(2011,'LA','NB',5),(2011,'LA','NC',36),(2011,'LA','ND',1),(2011,'LA','NH',1),(2011,'LA','NJ',0),(2011,'LA','NM',0),(2011,'LA','NV',0),(2011,'LA','NY',0),(2011,'LA','OH',0),(2011,'LA','OK',11),(2011,'LA','OR',0),(2011,'LA','PA',0),(2011,'LA','RI',2),(2011,'LA','SC',0),(2011,'LA','SD',0),(2011,'LA','TN',27),(2011,'LA','TX',232),(2011,'LA','UT',0),(2011,'LA','VA',21),(2011,'LA','VT',2),(2011,'LA','WA',0),(2011,'LA','WI',0),(2011,'LA','WV',0),(2011,'LA','WY',1),(2011,'MA','AK',0),(2011,'MA','AL',0),(2011,'MA','AR',0),(2011,'MA','AZ',0),(2011,'MA','CA',0),(2011,'MA','CO',0),(2011,'MA','CT',15),(2011,'MA','DC',0),(2011,'MA','DE',0),(2011,'MA','FL',0),(2011,'MA','GA',0),(2011,'MA','IA',0),(2011,'MA','ID',0),(2011,'MA','IL',0),(2011,'MA','IN',0),(2011,'MA','KS',0),(2011,'MA','KY',0),(2011,'MA','LA',0),(2011,'MA','MA',351),(2011,'MA','MD',0),(2011,'MA','ME',13),(2011,'MA','MI',0),(2011,'MA','MN',0),(2011,'MA','MO',0),(2011,'MA','MS',0),(2011,'MA','MT',0),(2011,'MA','NB',0),(2011,'MA','NC',0),(2011,'MA','ND',0),(2011,'MA','NH',7),(2011,'MA','NJ',0),(2011,'MA','NM',4),(2011,'MA','NV',0),(2011,'MA','NY',0),(2011,'MA','OH',0),(2011,'MA','OK',0),(2011,'MA','OR',0),(2011,'MA','PA',0),(2011,'MA','RI',15),(2011,'MA','SC',0),(2011,'MA','SD',0),(2011,'MA','TN',0),(2011,'MA','TX',0),(2011,'MA','UT',0),(2011,'MA','VA',0),(2011,'MA','VT',8),(2011,'MA','WA',0),(2011,'MA','WI',0),(2011,'MA','WV',0),(2011,'MA','WY',0),(2011,'MD','AK',0),(2011,'MD','AL',0),(2011,'MD','AR',0),(2011,'MD','AZ',0),(2011,'MD','CA',0),(2011,'MD','CO',0),(2011,'MD','CT',0),(2011,'MD','DC',232),(2011,'MD','DE',52),(2011,'MD','FL',0),(2011,'MD','GA',0),(2011,'MD','IA',0),(2011,'MD','ID',0),(2011,'MD','IL',0),(2011,'MD','IN',0),(2011,'MD','KS',0),(2011,'MD','KY',0),(2011,'MD','LA',0),(2011,'MD','MA',0),(2011,'MD','MD',2718),(2011,'MD','ME',1),(2011,'MD','MI',0),(2011,'MD','MN',0),(2011,'MD','MO',0),(2011,'MD','MS',0),(2011,'MD','MT',0),(2011,'MD','NB',0),(2011,'MD','NC',0),(2011,'MD','ND',0),(2011,'MD','NH',0),(2011,'MD','NJ',0),(2011,'MD','NM',0),(2011,'MD','NV',0),(2011,'MD','NY',0),(2011,'MD','OH',0),(2011,'MD','OK',0),(2011,'MD','OR',0),(2011,'MD','PA',62),(2011,'MD','RI',0),(2011,'MD','SC',0),(2011,'MD','SD',0),(2011,'MD','TN',0),(2011,'MD','TX',0),(2011,'MD','UT',0),(2011,'MD','VA',73),(2011,'MD','VT',0),(2011,'MD','WA',0),(2011,'MD','WI',0),(2011,'MD','WV',12),(2011,'MD','WY',0),(2011,'ME','AK',0),(2011,'ME','AL',0),(2011,'ME','AR',0),(2011,'ME','AZ',0),(2011,'ME','CA',0),(2011,'ME','CO',0),(2011,'ME','CT',17),(2011,'ME','DC',0),(2011,'ME','DE',3),(2011,'ME','FL',0),(2011,'ME','GA',0),(2011,'ME','IA',0),(2011,'ME','ID',0),(2011,'ME','IL',0),(2011,'ME','IN',0),(2011,'ME','KS',0),(2011,'ME','KY',0),(2011,'ME','LA',0),(2011,'ME','MA',79),(2011,'ME','MD',0),(2011,'ME','ME',194),(2011,'ME','MI',0),(2011,'ME','MN',0),(2011,'ME','MO',0),(2011,'ME','MS',0),(2011,'ME','MT',0),(2011,'ME','NB',0),(2011,'ME','NC',0),(2011,'ME','ND',1),(2011,'ME','NH',20),(2011,'ME','NJ',0),(2011,'ME','NM',0),(2011,'ME','NV',0),(2011,'ME','NY',0),(2011,'ME','OH',0),(2011,'ME','OK',0),(2011,'ME','OR',0),(2011,'ME','PA',0),(2011,'ME','RI',9),(2011,'ME','SC',0),(2011,'ME','SD',0),(2011,'ME','TN',0),(2011,'ME','TX',0),(2011,'ME','UT',0),(2011,'ME','VA',0),(2011,'ME','VT',6),(2011,'ME','WA',0),(2011,'ME','WI',0),(2011,'ME','WV',0),(2011,'ME','WY',0),(2011,'MI','AK',10),(2011,'MI','AL',0),(2011,'MI','AR',5),(2011,'MI','AZ',38),(2011,'MI','CA',0),(2011,'MI','CO',0),(2011,'MI','CT',0),(2011,'MI','DC',0),(2011,'MI','DE',0),(2011,'MI','FL',109),(2011,'MI','GA',0),(2011,'MI','HI',1),(2011,'MI','IA',0),(2011,'MI','ID',5),(2011,'MI','IL',98),(2011,'MI','IN',40),(2011,'MI','KS',9),(2011,'MI','KY',14),(2011,'MI','LA',0),(2011,'MI','MA',0),(2011,'MI','MD',0),(2011,'MI','ME',1),(2011,'MI','MI',2070),(2011,'MI','MN',11),(2011,'MI','MO',0),(2011,'MI','MS',4),(2011,'MI','MT',0),(2011,'MI','NB',0),(2011,'MI','NC',0),(2011,'MI','ND',0),(2011,'MI','NH',1),(2011,'MI','NJ',0),(2011,'MI','NM',0),(2011,'MI','NV',0),(2011,'MI','NY',0),(2011,'MI','OH',75),(2011,'MI','OK',0),(2011,'MI','OR',9),(2011,'MI','PA',0),(2011,'MI','RI',0),(2011,'MI','SC',14),(2011,'MI','SD',0),(2011,'MI','TN',23),(2011,'MI','TX',0),(2011,'MI','UT',0),(2011,'MI','VA',0),(2011,'MI','VT',0),(2011,'MI','WA',0),(2011,'MI','WI',23),(2011,'MI','WV',4),(2011,'MI','WY',1),(2011,'MN','AK',4),(2011,'MN','AL',0),(2011,'MN','AR',0),(2011,'MN','AZ',0),(2011,'MN','CA',0),(2011,'MN','CO',0),(2011,'MN','CT',0),(2011,'MN','DC',0),(2011,'MN','DE',0),(2011,'MN','FL',0),(2011,'MN','GA',0),(2011,'MN','IA',21),(2011,'MN','ID',0),(2011,'MN','IL',0),(2011,'MN','IN',0),(2011,'MN','KS',0),(2011,'MN','KY',0),(2011,'MN','LA',0),(2011,'MN','MA',0),(2011,'MN','MD',0),(2011,'MN','ME',0),(2011,'MN','MI',0),(2011,'MN','MN',995),(2011,'MN','MO',0),(2011,'MN','MS',0),(2011,'MN','MT',0),(2011,'MN','NB',0),(2011,'MN','NC',0),(2011,'MN','ND',10),(2011,'MN','NH',0),(2011,'MN','NJ',0),(2011,'MN','NM',0),(2011,'MN','NV',0),(2011,'MN','NY',0),(2011,'MN','OH',0),(2011,'MN','OK',0),(2011,'MN','OR',0),(2011,'MN','PA',0),(2011,'MN','RI',0),(2011,'MN','SC',0),(2011,'MN','SD',3),(2011,'MN','TN',0),(2011,'MN','TX',0),(2011,'MN','UT',0),(2011,'MN','VA',0),(2011,'MN','VT',0),(2011,'MN','WA',0),(2011,'MN','WI',40),(2011,'MN','WV',0),(2011,'MN','WY',0),(2011,'MO','AK',0),(2011,'MO','AL',0),(2011,'MO','AR',7),(2011,'MO','AZ',0),(2011,'MO','CA',12),(2011,'MO','CO',12),(2011,'MO','CT',0),(2011,'MO','DC',0),(2011,'MO','DE',0),(2011,'MO','FL',0),(2011,'MO','GA',0),(2011,'MO','HI',1),(2011,'MO','IA',17),(2011,'MO','ID',0),(2011,'MO','IL',173),(2011,'MO','IN',17),(2011,'MO','KS',124),(2011,'MO','KY',0),(2011,'MO','LA',0),(2011,'MO','MA',0),(2011,'MO','MD',0),(2011,'MO','ME',1),(2011,'MO','MI',0),(2011,'MO','MN',0),(2011,'MO','MO',2094),(2011,'MO','MS',0),(2011,'MO','MT',0),(2011,'MO','NB',14),(2011,'MO','NC',0),(2011,'MO','ND',0),(2011,'MO','NH',1),(2011,'MO','NJ',0),(2011,'MO','NM',0),(2011,'MO','NV',0),(2011,'MO','NY',0),(2011,'MO','OH',0),(2011,'MO','OK',25),(2011,'MO','OR',10),(2011,'MO','PA',0),(2011,'MO','RI',0),(2011,'MO','SC',0),(2011,'MO','SD',0),(2011,'MO','TN',0),(2011,'MO','TX',0),(2011,'MO','UT',0),(2011,'MO','VA',0),(2011,'MO','VT',0),(2011,'MO','WA',0),(2011,'MO','WI',0),(2011,'MO','WV',0),(2011,'MO','WY',1),(2011,'MS','AK',4),(2011,'MS','AL',56),(2011,'MS','AR',8),(2011,'MS','AZ',0),(2011,'MS','CA',0),(2011,'MS','CO',0),(2011,'MS','CT',0),(2011,'MS','DC',9),(2011,'MS','DE',0),(2011,'MS','FL',0),(2011,'MS','GA',65),(2011,'MS','HI',1),(2011,'MS','IA',7),(2011,'MS','ID',0),(2011,'MS','IL',338),(2011,'MS','IN',24),(2011,'MS','KS',8),(2011,'MS','KY',0),(2011,'MS','LA',196),(2011,'MS','MA',0),(2011,'MS','MD',0),(2011,'MS','ME',1),(2011,'MS','MI',33),(2011,'MS','MN',8),(2011,'MS','MO',29),(2011,'MS','MS',1062),(2011,'MS','MT',0),(2011,'MS','NB',0),(2011,'MS','NC',0),(2011,'MS','ND',0),(2011,'MS','NH',0),(2011,'MS','NJ',0),(2011,'MS','NM',4),(2011,'MS','NV',9),(2011,'MS','NY',0),(2011,'MS','OH',0),(2011,'MS','OK',7),(2011,'MS','OR',0),(2011,'MS','PA',0),(2011,'MS','RI',2),(2011,'MS','SC',0),(2011,'MS','SD',0),(2011,'MS','TN',37),(2011,'MS','TX',63),(2011,'MS','UT',4),(2011,'MS','VA',0),(2011,'MS','VT',0),(2011,'MS','WA',0),(2011,'MS','WI',50),(2011,'MS','WV',3),(2011,'MS','WY',0),(2011,'MT','AK',3),(2011,'MT','AL',0),(2011,'MT','AR',0),(2011,'MT','AZ',0),(2011,'MT','CA',0),(2011,'MT','CO',0),(2011,'MT','CT',0),(2011,'MT','DC',0),(2011,'MT','DE',0),(2011,'MT','FL',0),(2011,'MT','GA',0),(2011,'MT','HI',1),(2011,'MT','IA',0),(2011,'MT','ID',12),(2011,'MT','IL',0),(2011,'MT','IN',0),(2011,'MT','KS',0),(2011,'MT','KY',0),(2011,'MT','LA',0),(2011,'MT','MA',0),(2011,'MT','MD',0),(2011,'MT','ME',0),(2011,'MT','MI',0),(2011,'MT','MN',0),(2011,'MT','MO',0),(2011,'MT','MS',0),(2011,'MT','MT',230),(2011,'MT','NB',0),(2011,'MT','NC',0),(2011,'MT','ND',5),(2011,'MT','NH',0),(2011,'MT','NJ',0),(2011,'MT','NM',0),(2011,'MT','NV',0),(2011,'MT','NY',0),(2011,'MT','OH',0),(2011,'MT','OK',0),(2011,'MT','OR',16),(2011,'MT','PA',0),(2011,'MT','RI',0),(2011,'MT','SC',0),(2011,'MT','SD',0),(2011,'MT','TN',0),(2011,'MT','TX',0),(2011,'MT','UT',3),(2011,'MT','VA',0),(2011,'MT','VT',0),(2011,'MT','WA',29),(2011,'MT','WI',0),(2011,'MT','WV',0),(2011,'MT','WY',7),(2011,'NB','AK',0),(2011,'NB','AL',0),(2011,'NB','AR',0),(2011,'NB','AZ',0),(2011,'NB','CA',0),(2011,'NB','CO',14),(2011,'NB','CT',0),(2011,'NB','DC',0),(2011,'NB','DE',0),(2011,'NB','FL',0),(2011,'NB','GA',0),(2011,'NB','IA',28),(2011,'NB','ID',0),(2011,'NB','IL',0),(2011,'NB','IN',0),(2011,'NB','KS',6),(2011,'NB','KY',0),(2011,'NB','LA',0),(2011,'NB','MA',0),(2011,'NB','MD',0),(2011,'NB','ME',2),(2011,'NB','MI',0),(2011,'NB','MN',0),(2011,'NB','MO',0),(2011,'NB','MS',0),(2011,'NB','MT',0),(2011,'NB','NB',494),(2011,'NB','NC',0),(2011,'NB','ND',1),(2011,'NB','NH',0),(2011,'NB','NJ',0),(2011,'NB','NM',0),(2011,'NB','NV',8),(2011,'NB','NY',0),(2011,'NB','OH',0),(2011,'NB','OK',0),(2011,'NB','OR',0),(2011,'NB','PA',0),(2011,'NB','RI',0),(2011,'NB','SC',0),(2011,'NB','SD',2),(2011,'NB','TN',0),(2011,'NB','TX',0),(2011,'NB','UT',0),(2011,'NB','VA',0),(2011,'NB','VT',0),(2011,'NB','WA',0),(2011,'NB','WI',0),(2011,'NB','WV',0),(2011,'NB','WY',5),(2011,'NC','AK',2),(2011,'NC','AL',18),(2011,'NC','AR',0),(2011,'NC','AZ',0),(2011,'NC','CA',0),(2011,'NC','CO',0),(2011,'NC','CT',25),(2011,'NC','DC',77),(2011,'NC','DE',12),(2011,'NC','FL',127),(2011,'NC','GA',113),(2011,'NC','HI',1),(2011,'NC','IA',0),(2011,'NC','ID',0),(2011,'NC','IL',0),(2011,'NC','IN',0),(2011,'NC','KS',0),(2011,'NC','KY',8),(2011,'NC','LA',19),(2011,'NC','MA',31),(2011,'NC','MD',153),(2011,'NC','ME',1),(2011,'NC','MI',0),(2011,'NC','MN',0),(2011,'NC','MO',0),(2011,'NC','MS',17),(2011,'NC','MT',0),(2011,'NC','NB',0),(2011,'NC','NC',5470),(2011,'NC','ND',4),(2011,'NC','NH',0),(2011,'NC','NJ',196),(2011,'NC','NM',0),(2011,'NC','NV',0),(2011,'NC','NY',349),(2011,'NC','OH',0),(2011,'NC','OK',7),(2011,'NC','OR',0),(2011,'NC','PA',73),(2011,'NC','RI',0),(2011,'NC','SC',144),(2011,'NC','SD',0),(2011,'NC','TN',28),(2011,'NC','TX',40),(2011,'NC','UT',3),(2011,'NC','VA',149),(2011,'NC','VT',0),(2011,'NC','WA',0),(2011,'NC','WI',9),(2011,'NC','WV',6),(2011,'NC','WY',1),(2011,'ND','AK',0),(2011,'ND','AL',0),(2011,'ND','AR',0),(2011,'ND','AZ',0),(2011,'ND','CA',0),(2011,'ND','CO',0),(2011,'ND','CT',0),(2011,'ND','DC',0),(2011,'ND','DE',0),(2011,'ND','FL',0),(2011,'ND','GA',0),(2011,'ND','IA',0),(2011,'ND','ID',0),(2011,'ND','IL',0),(2011,'ND','IN',0),(2011,'ND','KS',0),(2011,'ND','KY',0),(2011,'ND','LA',0),(2011,'ND','MA',0),(2011,'ND','MD',0),(2011,'ND','ME',0),(2011,'ND','MI',0),(2011,'ND','MN',18),(2011,'ND','MO',0),(2011,'ND','MS',0),(2011,'ND','MT',4),(2011,'ND','NB',0),(2011,'ND','NC',0),(2011,'ND','ND',80),(2011,'ND','NH',0),(2011,'ND','NJ',0),(2011,'ND','NM',0),(2011,'ND','NV',0),(2011,'ND','NY',0),(2011,'ND','OH',0),(2011,'ND','OK',0),(2011,'ND','OR',0),(2011,'ND','PA',0),(2011,'ND','RI',0),(2011,'ND','SC',0),(2011,'ND','SD',0),(2011,'ND','TN',0),(2011,'ND','TX',0),(2011,'ND','UT',0),(2011,'ND','VA',0),(2011,'ND','VT',0),(2011,'ND','WA',0),(2011,'ND','WI',0),(2011,'ND','WV',0),(2011,'ND','WY',0),(2011,'NH','AK',0),(2011,'NH','AL',0),(2011,'NH','AR',0),(2011,'NH','AZ',0),(2011,'NH','CA',0),(2011,'NH','CO',0),(2011,'NH','CT',16),(2011,'NH','DC',0),(2011,'NH','DE',3),(2011,'NH','FL',0),(2011,'NH','GA',0),(2011,'NH','IA',0),(2011,'NH','ID',0),(2011,'NH','IL',0),(2011,'NH','IN',0),(2011,'NH','KS',0),(2011,'NH','KY',0),(2011,'NH','LA',0),(2011,'NH','MA',133),(2011,'NH','MD',0),(2011,'NH','ME',8),(2011,'NH','MI',0),(2011,'NH','MN',0),(2011,'NH','MO',0),(2011,'NH','MS',0),(2011,'NH','MT',0),(2011,'NH','NB',0),(2011,'NH','NC',0),(2011,'NH','ND',0),(2011,'NH','NH',83),(2011,'NH','NJ',0),(2011,'NH','NM',0),(2011,'NH','NV',0),(2011,'NH','NY',0),(2011,'NH','OH',0),(2011,'NH','OK',0),(2011,'NH','OR',0),(2011,'NH','PA',0),(2011,'NH','RI',6),(2011,'NH','SC',0),(2011,'NH','SD',0),(2011,'NH','TN',0),(2011,'NH','TX',0),(2011,'NH','UT',0),(2011,'NH','VA',0),(2011,'NH','VT',27),(2011,'NH','WA',0),(2011,'NH','WI',0),(2011,'NH','WV',0),(2011,'NH','WY',0),(2011,'NJ','AK',0),(2011,'NJ','AL',0),(2011,'NJ','AR',0),(2011,'NJ','AZ',0),(2011,'NJ','CA',0),(2011,'NJ','CO',0),(2011,'NJ','CT',0),(2011,'NJ','DC',0),(2011,'NJ','DE',3),(2011,'NJ','FL',0),(2011,'NJ','GA',0),(2011,'NJ','IA',0),(2011,'NJ','ID',0),(2011,'NJ','IL',0),(2011,'NJ','IN',0),(2011,'NJ','KS',0),(2011,'NJ','KY',0),(2011,'NJ','LA',0),(2011,'NJ','MA',0),(2011,'NJ','MD',0),(2011,'NJ','ME',0),(2011,'NJ','MI',0),(2011,'NJ','MN',0),(2011,'NJ','MO',0),(2011,'NJ','MS',0),(2011,'NJ','MT',0),(2011,'NJ','NB',0),(2011,'NJ','NC',0),(2011,'NJ','ND',0),(2011,'NJ','NH',1),(2011,'NJ','NJ',432),(2011,'NJ','NM',0),(2011,'NJ','NV',0),(2011,'NJ','NY',0),(2011,'NJ','OH',0),(2011,'NJ','OK',0),(2011,'NJ','OR',0),(2011,'NJ','PA',50),(2011,'NJ','RI',0),(2011,'NJ','SC',0),(2011,'NJ','SD',1),(2011,'NJ','TN',0),(2011,'NJ','TX',0),(2011,'NJ','UT',0),(2011,'NJ','VA',0),(2011,'NJ','VT',0),(2011,'NJ','WA',0),(2011,'NJ','WI',0),(2011,'NJ','WV',0),(2011,'NJ','WY',0),(2011,'NM','AK',0),(2011,'NM','AL',0),(2011,'NM','AR',0),(2011,'NM','AZ',57),(2011,'NM','CA',0),(2011,'NM','CO',40),(2011,'NM','CT',0),(2011,'NM','DC',0),(2011,'NM','DE',0),(2011,'NM','FL',0),(2011,'NM','GA',0),(2011,'NM','IA',0),(2011,'NM','ID',5),(2011,'NM','IL',0),(2011,'NM','IN',0),(2011,'NM','KS',8),(2011,'NM','KY',0),(2011,'NM','LA',0),(2011,'NM','MA',0),(2011,'NM','MD',0),(2011,'NM','ME',0),(2011,'NM','MI',0),(2011,'NM','MN',0),(2011,'NM','MO',0),(2011,'NM','MS',0),(2011,'NM','MT',0),(2011,'NM','NB',0),(2011,'NM','NC',0),(2011,'NM','ND',0),(2011,'NM','NH',0),(2011,'NM','NJ',0),(2011,'NM','NM',528),(2011,'NM','NV',8),(2011,'NM','NY',0),(2011,'NM','OH',0),(2011,'NM','OK',10),(2011,'NM','OR',0),(2011,'NM','PA',0),(2011,'NM','RI',0),(2011,'NM','SC',0),(2011,'NM','SD',0),(2011,'NM','TN',0),(2011,'NM','TX',63),(2011,'NM','UT',3),(2011,'NM','VA',0),(2011,'NM','VT',0),(2011,'NM','WA',0),(2011,'NM','WI',0),(2011,'NM','WV',0),(2011,'NM','WY',0),(2011,'NV','AK',2),(2011,'NV','AL',0),(2011,'NV','AR',0),(2011,'NV','AZ',58),(2011,'NV','CA',491),(2011,'NV','CO',14),(2011,'NV','CT',0),(2011,'NV','DC',0),(2011,'NV','DE',0),(2011,'NV','FL',0),(2011,'NV','GA',0),(2011,'NV','HI',4),(2011,'NV','IA',0),(2011,'NV','ID',7),(2011,'NV','IL',0),(2011,'NV','IN',0),(2011,'NV','KS',0),(2011,'NV','KY',0),(2011,'NV','LA',0),(2011,'NV','MA',0),(2011,'NV','MD',0),(2011,'NV','ME',1),(2011,'NV','MI',0),(2011,'NV','MN',0),(2011,'NV','MO',0),(2011,'NV','MS',0),(2011,'NV','MT',5),(2011,'NV','NB',0),(2011,'NV','NC',0),(2011,'NV','ND',1),(2011,'NV','NH',0),(2011,'NV','NJ',0),(2011,'NV','NM',0),(2011,'NV','NV',1001),(2011,'NV','NY',0),(2011,'NV','OH',0),(2011,'NV','OK',0),(2011,'NV','OR',27),(2011,'NV','PA',0),(2011,'NV','RI',0),(2011,'NV','SC',0),(2011,'NV','SD',0),(2011,'NV','TN',0),(2011,'NV','TX',0),(2011,'NV','UT',6),(2011,'NV','VA',0),(2011,'NV','VT',0),(2011,'NV','WA',32),(2011,'NV','WI',0),(2011,'NV','WV',0),(2011,'NV','WY',1),(2011,'NY','AK',0),(2011,'NY','AL',0),(2011,'NY','AR',0),(2011,'NY','AZ',0),(2011,'NY','CA',0),(2011,'NY','CO',0),(2011,'NY','CT',16),(2011,'NY','DC',0),(2011,'NY','DE',10),(2011,'NY','FL',99),(2011,'NY','GA',0),(2011,'NY','IA',0),(2011,'NY','ID',0),(2011,'NY','IL',0),(2011,'NY','IN',0),(2011,'NY','KS',0),(2011,'NY','KY',7),(2011,'NY','LA',0),(2011,'NY','MA',0),(2011,'NY','MD',0),(2011,'NY','ME',7),(2011,'NY','MI',0),(2011,'NY','MN',0),(2011,'NY','MO',0),(2011,'NY','MS',0),(2011,'NY','MT',4),(2011,'NY','NB',0),(2011,'NY','NC',41),(2011,'NY','ND',2),(2011,'NY','NH',0),(2011,'NY','NJ',51),(2011,'NY','NM',0),(2011,'NY','NV',0),(2011,'NY','NY',1595),(2011,'NY','OH',0),(2011,'NY','OK',0),(2011,'NY','OR',0),(2011,'NY','PA',49),(2011,'NY','RI',3),(2011,'NY','SC',9),(2011,'NY','SD',1),(2011,'NY','TN',0),(2011,'NY','TX',0),(2011,'NY','UT',0),(2011,'NY','VA',0),(2011,'NY','VT',8),(2011,'NY','WA',0),(2011,'NY','WI',0),(2011,'NY','WV',0),(2011,'NY','WY',0),(2011,'OH','AK',0),(2011,'OH','AL',0),(2011,'OH','AR',0),(2011,'OH','AZ',40),(2011,'OH','CA',95),(2011,'OH','CO',0),(2011,'OH','CT',10),(2011,'OH','DC',19),(2011,'OH','DE',8),(2011,'OH','FL',146),(2011,'OH','GA',64),(2011,'OH','IA',0),(2011,'OH','ID',0),(2011,'OH','IL',128),(2011,'OH','IN',69),(2011,'OH','KS',0),(2011,'OH','KY',72),(2011,'OH','LA',20),(2011,'OH','MA',20),(2011,'OH','MD',53),(2011,'OH','ME',1),(2011,'OH','MI',169),(2011,'OH','MN',16),(2011,'OH','MO',21),(2011,'OH','MS',9),(2011,'OH','MT',3),(2011,'OH','NB',6),(2011,'OH','NC',83),(2011,'OH','ND',1),(2011,'OH','NH',0),(2011,'OH','NJ',82),(2011,'OH','NM',3),(2011,'OH','NV',9),(2011,'OH','NY',170),(2011,'OH','OH',5225),(2011,'OH','OK',0),(2011,'OH','OR',0),(2011,'OH','PA',123),(2011,'OH','RI',4),(2011,'OH','SC',40),(2011,'OH','SD',0),(2011,'OH','TN',33),(2011,'OH','TX',62),(2011,'OH','UT',0),(2011,'OH','VA',31),(2011,'OH','VT',2),(2011,'OH','WA',11),(2011,'OH','WI',15),(2011,'OH','WV',88),(2011,'OH','WY',1),(2011,'OK','AK',5),(2011,'OK','AL',0),(2011,'OK','AR',16),(2011,'OK','AZ',43),(2011,'OK','CA',131),(2011,'OK','CO',19),(2011,'OK','CT',0),(2011,'OK','DC',0),(2011,'OK','DE',0),(2011,'OK','FL',0),(2011,'OK','GA',0),(2011,'OK','HI',1),(2011,'OK','IA',0),(2011,'OK','ID',0),(2011,'OK','IL',0),(2011,'OK','IN',0),(2011,'OK','KS',28),(2011,'OK','KY',0),(2011,'OK','LA',13),(2011,'OK','MA',0),(2011,'OK','MD',0),(2011,'OK','ME',0),(2011,'OK','MI',0),(2011,'OK','MN',0),(2011,'OK','MO',38),(2011,'OK','MS',4),(2011,'OK','MT',5),(2011,'OK','NB',8),(2011,'OK','NC',0),(2011,'OK','ND',2),(2011,'OK','NH',1),(2011,'OK','NJ',0),(2011,'OK','NM',9),(2011,'OK','NV',0),(2011,'OK','NY',0),(2011,'OK','OH',0),(2011,'OK','OK',1117),(2011,'OK','OR',12),(2011,'OK','PA',0),(2011,'OK','RI',0),(2011,'OK','SC',0),(2011,'OK','SD',0),(2011,'OK','TN',0),(2011,'OK','TX',171),(2011,'OK','UT',0),(2011,'OK','VA',0),(2011,'OK','VT',0),(2011,'OK','WA',0),(2011,'OK','WI',0),(2011,'OK','WV',0),(2011,'OK','WY',0),(2011,'OR','AK',6),(2011,'OR','AL',0),(2011,'OR','AR',0),(2011,'OR','AZ',38),(2011,'OR','CA',275),(2011,'OR','CO',0),(2011,'OR','CT',8),(2011,'OR','DC',0),(2011,'OR','DE',0),(2011,'OR','FL',0),(2011,'OR','GA',0),(2011,'OR','HI',1),(2011,'OR','IA',0),(2011,'OR','ID',26),(2011,'OR','IL',0),(2011,'OR','IN',0),(2011,'OR','KS',0),(2011,'OR','KY',0),(2011,'OR','LA',0),(2011,'OR','MA',0),(2011,'OR','MD',0),(2011,'OR','ME',0),(2011,'OR','MI',0),(2011,'OR','MN',0),(2011,'OR','MO',0),(2011,'OR','MS',0),(2011,'OR','MT',5),(2011,'OR','NB',0),(2011,'OR','NC',0),(2011,'OR','ND',0),(2011,'OR','NH',0),(2011,'OR','NJ',0),(2011,'OR','NM',0),(2011,'OR','NV',8),(2011,'OR','NY',0),(2011,'OR','OH',0),(2011,'OR','OK',0),(2011,'OR','OR',1514),(2011,'OR','PA',0),(2011,'OR','RI',0),(2011,'OR','SC',0),(2011,'OR','SD',1),(2011,'OR','TN',0),(2011,'OR','TX',0),(2011,'OR','UT',10),(2011,'OR','VA',0),(2011,'OR','VT',0),(2011,'OR','WA',133),(2011,'OR','WI',0),(2011,'OR','WV',0),(2011,'OR','WY',1),(2011,'PA','AK',2),(2011,'PA','AL',13),(2011,'PA','AR',2),(2011,'PA','AZ',31),(2011,'PA','CA',0),(2011,'PA','CO',0),(2011,'PA','CT',12),(2011,'PA','DC',28),(2011,'PA','DE',60),(2011,'PA','FL',103),(2011,'PA','GA',34),(2011,'PA','HI',2),(2011,'PA','IA',0),(2011,'PA','ID',0),(2011,'PA','IL',0),(2011,'PA','IN',0),(2011,'PA','KS',8),(2011,'PA','KY',0),(2011,'PA','LA',0),(2011,'PA','MA',13),(2011,'PA','MD',265),(2011,'PA','ME',2),(2011,'PA','MI',35),(2011,'PA','MN',0),(2011,'PA','MO',0),(2011,'PA','MS',5),(2011,'PA','MT',3),(2011,'PA','NB',7),(2011,'PA','NC',56),(2011,'PA','ND',0),(2011,'PA','NH',3),(2011,'PA','NJ',363),(2011,'PA','NM',3),(2011,'PA','NV',0),(2011,'PA','NY',368),(2011,'PA','OH',70),(2011,'PA','OK',0),(2011,'PA','OR',0),(2011,'PA','PA',5087),(2011,'PA','RI',4),(2011,'PA','SC',21),(2011,'PA','SD',0),(2011,'PA','TN',0),(2011,'PA','TX',0),(2011,'PA','UT',0),(2011,'PA','VA',66),(2011,'PA','VT',0),(2011,'PA','WA',0),(2011,'PA','WI',0),(2011,'PA','WV',19),(2011,'PA','WY',1),(2011,'RI','AK',0),(2011,'RI','AL',0),(2011,'RI','AR',0),(2011,'RI','AZ',0),(2011,'RI','CA',0),(2011,'RI','CO',0),(2011,'RI','CT',0),(2011,'RI','DC',0),(2011,'RI','DE',0),(2011,'RI','FL',0),(2011,'RI','GA',0),(2011,'RI','IA',0),(2011,'RI','ID',0),(2011,'RI','IL',0),(2011,'RI','IN',0),(2011,'RI','KS',0),(2011,'RI','KY',0),(2011,'RI','LA',0),(2011,'RI','MA',0),(2011,'RI','MD',0),(2011,'RI','ME',0),(2011,'RI','MI',0),(2011,'RI','MN',0),(2011,'RI','MO',0),(2011,'RI','MS',0),(2011,'RI','MT',0),(2011,'RI','NB',0),(2011,'RI','NC',0),(2011,'RI','ND',0),(2011,'RI','NH',0),(2011,'RI','NJ',0),(2011,'RI','NM',0),(2011,'RI','NV',0),(2011,'RI','NY',0),(2011,'RI','OH',0),(2011,'RI','OK',0),(2011,'RI','OR',0),(2011,'RI','PA',0),(2011,'RI','RI',117),(2011,'RI','SC',0),(2011,'RI','SD',0),(2011,'RI','TN',0),(2011,'RI','TX',0),(2011,'RI','UT',0),(2011,'RI','VA',0),(2011,'RI','VT',0),(2011,'RI','WA',0),(2011,'RI','WI',0),(2011,'RI','WV',0),(2011,'RI','WY',0),(2011,'SC','AK',0),(2011,'SC','AL',0),(2011,'SC','AR',0),(2011,'SC','AZ',0),(2011,'SC','CA',0),(2011,'SC','CO',0),(2011,'SC','CT',11),(2011,'SC','DC',29),(2011,'SC','DE',5),(2011,'SC','FL',93),(2011,'SC','GA',221),(2011,'SC','HI',2),(2011,'SC','IA',0),(2011,'SC','ID',0),(2011,'SC','IL',0),(2011,'SC','IN',15),(2011,'SC','KS',0),(2011,'SC','KY',0),(2011,'SC','LA',13),(2011,'SC','MA',18),(2011,'SC','MD',95),(2011,'SC','ME',1),(2011,'SC','MI',0),(2011,'SC','MN',0),(2011,'SC','MO',0),(2011,'SC','MS',4),(2011,'SC','MT',0),(2011,'SC','NB',0),(2011,'SC','NC',398),(2011,'SC','ND',0),(2011,'SC','NH',0),(2011,'SC','NJ',122),(2011,'SC','NM',0),(2011,'SC','NV',0),(2011,'SC','NY',328),(2011,'SC','OH',0),(2011,'SC','OK',0),(2011,'SC','OR',0),(2011,'SC','PA',76),(2011,'SC','RI',4),(2011,'SC','SC',1671),(2011,'SC','SD',0),(2011,'SC','TN',19),(2011,'SC','TX',0),(2011,'SC','UT',0),(2011,'SC','VA',36),(2011,'SC','VT',0),(2011,'SC','WA',0),(2011,'SC','WI',0),(2011,'SC','WV',3),(2011,'SC','WY',0),(2011,'SD','AK',0),(2011,'SD','AL',0),(2011,'SD','AR',0),(2011,'SD','AZ',0),(2011,'SD','CA',0),(2011,'SD','CO',13),(2011,'SD','CT',0),(2011,'SD','DC',0),(2011,'SD','DE',0),(2011,'SD','FL',0),(2011,'SD','GA',0),(2011,'SD','IA',14),(2011,'SD','ID',0),(2011,'SD','IL',0),(2011,'SD','IN',0),(2011,'SD','KS',0),(2011,'SD','KY',0),(2011,'SD','LA',0),(2011,'SD','MA',0),(2011,'SD','MD',0),(2011,'SD','ME',0),(2011,'SD','MI',0),(2011,'SD','MN',10),(2011,'SD','MO',0),(2011,'SD','MS',0),(2011,'SD','MT',3),(2011,'SD','NB',11),(2011,'SD','NC',0),(2011,'SD','ND',2),(2011,'SD','NH',0),(2011,'SD','NJ',0),(2011,'SD','NM',0),(2011,'SD','NV',0),(2011,'SD','NY',0),(2011,'SD','OH',0),(2011,'SD','OK',0),(2011,'SD','OR',0),(2011,'SD','PA',0),(2011,'SD','RI',0),(2011,'SD','SC',0),(2011,'SD','SD',62),(2011,'SD','TN',0),(2011,'SD','TX',0),(2011,'SD','UT',0),(2011,'SD','VA',0),(2011,'SD','VT',0),(2011,'SD','WA',0),(2011,'SD','WI',0),(2011,'SD','WV',0),(2011,'SD','WY',0),(2011,'TN','AK',0),(2011,'TN','AL',41),(2011,'TN','AR',12),(2011,'TN','AZ',0),(2011,'TN','CA',0),(2011,'TN','CO',0),(2011,'TN','CT',0),(2011,'TN','DC',9),(2011,'TN','DE',0),(2011,'TN','FL',105),(2011,'TN','GA',114),(2011,'TN','HI',1),(2011,'TN','IA',0),(2011,'TN','ID',0),(2011,'TN','IL',136),(2011,'TN','IN',17),(2011,'TN','KS',6),(2011,'TN','KY',46),(2011,'TN','LA',27),(2011,'TN','MA',0),(2011,'TN','MD',28),(2011,'TN','ME',1),(2011,'TN','MI',48),(2011,'TN','MN',0),(2011,'TN','MO',34),(2011,'TN','MS',52),(2011,'TN','MT',0),(2011,'TN','NB',0),(2011,'TN','NC',94),(2011,'TN','ND',0),(2011,'TN','NH',1),(2011,'TN','NJ',28),(2011,'TN','NM',0),(2011,'TN','NV',9),(2011,'TN','NY',56),(2011,'TN','OH',37),(2011,'TN','OK',0),(2011,'TN','OR',0),(2011,'TN','PA',0),(2011,'TN','RI',0),(2011,'TN','SC',19),(2011,'TN','SD',1),(2011,'TN','TN',1733),(2011,'TN','TX',0),(2011,'TN','UT',0),(2011,'TN','VA',45),(2011,'TN','VT',2),(2011,'TN','WA',9),(2011,'TN','WI',15),(2011,'TN','WV',0),(2011,'TN','WY',0),(2011,'TX','AK',2),(2011,'TX','AL',40),(2011,'TX','AR',46),(2011,'TX','AZ',96),(2011,'TX','CA',357),(2011,'TX','CO',68),(2011,'TX','CT',0),(2011,'TX','DC',15),(2011,'TX','DE',8),(2011,'TX','FL',179),(2011,'TX','GA',99),(2011,'TX','HI',1),(2011,'TX','IA',10),(2011,'TX','ID',4),(2011,'TX','IL',136),(2011,'TX','IN',26),(2011,'TX','KS',28),(2011,'TX','KY',20),(2011,'TX','LA',213),(2011,'TX','MA',18),(2011,'TX','MD',50),(2011,'TX','ME',4),(2011,'TX','MI',47),(2011,'TX','MN',32),(2011,'TX','MO',58),(2011,'TX','MS',37),(2011,'TX','MT',4),(2011,'TX','NB',20),(2011,'TX','NC',86),(2011,'TX','ND',2),(2011,'TX','NH',3),(2011,'TX','NJ',40),(2011,'TX','NM',46),(2011,'TX','NV',30),(2011,'TX','NY',110),(2011,'TX','OH',58),(2011,'TX','OK',87),(2011,'TX','OR',20),(2011,'TX','PA',58),(2011,'TX','RI',2),(2011,'TX','SC',20),(2011,'TX','SD',5),(2011,'TX','TN',48),(2011,'TX','TX',8542),(2011,'TX','UT',6),(2011,'TX','VA',53),(2011,'TX','VT',8),(2011,'TX','WA',31),(2011,'TX','WI',19),(2011,'TX','WV',3),(2011,'TX','WY',0),(2011,'UT','AK',2),(2011,'UT','AL',0),(2011,'UT','AR',0),(2011,'UT','AZ',0),(2011,'UT','CA',143),(2011,'UT','CO',25),(2011,'UT','CT',13),(2011,'UT','DC',0),(2011,'UT','DE',0),(2011,'UT','FL',0),(2011,'UT','GA',0),(2011,'UT','HI',1),(2011,'UT','IA',0),(2011,'UT','ID',8),(2011,'UT','IL',0),(2011,'UT','IN',0),(2011,'UT','KS',0),(2011,'UT','KY',0),(2011,'UT','LA',0),(2011,'UT','MA',0),(2011,'UT','MD',0),(2011,'UT','ME',0),(2011,'UT','MI',0),(2011,'UT','MN',0),(2011,'UT','MO',0),(2011,'UT','MS',0),(2011,'UT','MT',0),(2011,'UT','NB',0),(2011,'UT','NC',0),(2011,'UT','ND',0),(2011,'UT','NH',0),(2011,'UT','NJ',0),(2011,'UT','NM',6),(2011,'UT','NV',41),(2011,'UT','NY',0),(2011,'UT','OH',0),(2011,'UT','OK',0),(2011,'UT','OR',0),(2011,'UT','PA',0),(2011,'UT','RI',0),(2011,'UT','SC',0),(2011,'UT','SD',0),(2011,'UT','TN',0),(2011,'UT','TX',0),(2011,'UT','UT',416),(2011,'UT','VA',0),(2011,'UT','VT',0),(2011,'UT','WA',14),(2011,'UT','WI',0),(2011,'UT','WV',0),(2011,'UT','WY',3),(2011,'VA','AK',0),(2011,'VA','AL',9),(2011,'VA','AR',2),(2011,'VA','AZ',0),(2011,'VA','CA',0),(2011,'VA','CO',0),(2011,'VA','CT',13),(2011,'VA','DC',232),(2011,'VA','DE',19),(2011,'VA','FL',115),(2011,'VA','GA',88),(2011,'VA','IA',0),(2011,'VA','ID',4),(2011,'VA','IL',0),(2011,'VA','IN',0),(2011,'VA','KS',0),(2011,'VA','KY',15),(2011,'VA','LA',26),(2011,'VA','MA',20),(2011,'VA','MD',418),(2011,'VA','ME',1),(2011,'VA','MI',0),(2011,'VA','MN',0),(2011,'VA','MO',0),(2011,'VA','MS',9),(2011,'VA','MT',0),(2011,'VA','NB',0),(2011,'VA','NC',339),(2011,'VA','ND',0),(2011,'VA','NH',0),(2011,'VA','NJ',170),(2011,'VA','NM',0),(2011,'VA','NV',0),(2011,'VA','NY',407),(2011,'VA','OH',31),(2011,'VA','OK',0),(2011,'VA','OR',0),(2011,'VA','PA',131),(2011,'VA','RI',11),(2011,'VA','SC',32),(2011,'VA','SD',1),(2011,'VA','TN',32),(2011,'VA','TX',40),(2011,'VA','UT',0),(2011,'VA','VA',3521),(2011,'VA','VT',0),(2011,'VA','WA',0),(2011,'VA','WI',0),(2011,'VA','WV',29),(2011,'VA','WY',1),(2011,'VT','AK',0),(2011,'VT','AL',0),(2011,'VT','AR',0),(2011,'VT','AZ',0),(2011,'VT','CA',0),(2011,'VT','CO',0),(2011,'VT','CT',16),(2011,'VT','DC',0),(2011,'VT','DE',0),(2011,'VT','FL',0),(2011,'VT','GA',0),(2011,'VT','IA',0),(2011,'VT','ID',0),(2011,'VT','IL',0),(2011,'VT','IN',0),(2011,'VT','KS',0),(2011,'VT','KY',0),(2011,'VT','LA',0),(2011,'VT','MA',0),(2011,'VT','MD',0),(2011,'VT','ME',0),(2011,'VT','MI',0),(2011,'VT','MN',0),(2011,'VT','MO',0),(2011,'VT','MS',0),(2011,'VT','MT',0),(2011,'VT','NB',0),(2011,'VT','NC',0),(2011,'VT','ND',0),(2011,'VT','NH',4),(2011,'VT','NJ',0),(2011,'VT','NM',0),(2011,'VT','NV',0),(2011,'VT','NY',0),(2011,'VT','OH',0),(2011,'VT','OK',0),(2011,'VT','OR',0),(2011,'VT','PA',0),(2011,'VT','RI',0),(2011,'VT','SC',0),(2011,'VT','SD',0),(2011,'VT','TN',0),(2011,'VT','TX',0),(2011,'VT','UT',0),(2011,'VT','VA',0),(2011,'VT','VT',123),(2011,'VT','WA',0),(2011,'VT','WI',0),(2011,'VT','WV',0),(2011,'VT','WY',0),(2011,'WA','AK',11),(2011,'WA','AL',0),(2011,'WA','AR',0),(2011,'WA','AZ',47),(2011,'WA','CA',267),(2011,'WA','CO',0),(2011,'WA','CT',0),(2011,'WA','DC',0),(2011,'WA','DE',0),(2011,'WA','FL',0),(2011,'WA','GA',0),(2011,'WA','HI',3),(2011,'WA','IA',0),(2011,'WA','ID',48),(2011,'WA','IL',0),(2011,'WA','IN',0),(2011,'WA','KS',0),(2011,'WA','KY',0),(2011,'WA','LA',0),(2011,'WA','MA',0),(2011,'WA','MD',0),(2011,'WA','ME',0),(2011,'WA','MI',0),(2011,'WA','MN',9),(2011,'WA','MO',0),(2011,'WA','MS',4),(2011,'WA','MT',6),(2011,'WA','NB',0),(2011,'WA','NC',0),(2011,'WA','ND',0),(2011,'WA','NH',1),(2011,'WA','NJ',0),(2011,'WA','NM',3),(2011,'WA','NV',29),(2011,'WA','NY',0),(2011,'WA','OH',0),(2011,'WA','OK',0),(2011,'WA','OR',134),(2011,'WA','PA',0),(2011,'WA','RI',0),(2011,'WA','SC',0),(2011,'WA','SD',1),(2011,'WA','TN',0),(2011,'WA','TX',0),(2011,'WA','UT',8),(2011,'WA','VA',0),(2011,'WA','VT',2),(2011,'WA','WA',1617),(2011,'WA','WI',0),(2011,'WA','WV',0),(2011,'WA','WY',0),(2011,'WI','AK',2),(2011,'WI','AL',0),(2011,'WI','AR',2),(2011,'WI','AZ',0),(2011,'WI','CA',0),(2011,'WI','CO',0),(2011,'WI','CT',0),(2011,'WI','DC',0),(2011,'WI','DE',0),(2011,'WI','FL',0),(2011,'WI','GA',0),(2011,'WI','IA',0),(2011,'WI','ID',0),(2011,'WI','IL',251),(2011,'WI','IN',16),(2011,'WI','KS',0),(2011,'WI','KY',0),(2011,'WI','LA',0),(2011,'WI','MA',0),(2011,'WI','MD',0),(2011,'WI','ME',0),(2011,'WI','MI',0),(2011,'WI','MN',70),(2011,'WI','MO',0),(2011,'WI','MS',4),(2011,'WI','MT',3),(2011,'WI','NB',0),(2011,'WI','NC',0),(2011,'WI','ND',0),(2011,'WI','NH',0),(2011,'WI','NJ',0),(2011,'WI','NM',0),(2011,'WI','NV',0),(2011,'WI','NY',0),(2011,'WI','OH',0),(2011,'WI','OK',0),(2011,'WI','OR',0),(2011,'WI','PA',0),(2011,'WI','RI',0),(2011,'WI','SC',0),(2011,'WI','SD',2),(2011,'WI','TN',0),(2011,'WI','TX',0),(2011,'WI','UT',0),(2011,'WI','VA',0),(2011,'WI','VT',0),(2011,'WI','WA',0),(2011,'WI','WI',1591),(2011,'WI','WV',0),(2011,'WI','WY',0),(2011,'WV','AK',0),(2011,'WV','AL',9),(2011,'WV','AR',0),(2011,'WV','AZ',0),(2011,'WV','CA',0),(2011,'WV','CO',0),(2011,'WV','CT',0),(2011,'WV','DC',25),(2011,'WV','DE',7),(2011,'WV','FL',0),(2011,'WV','GA',0),(2011,'WV','HI',1),(2011,'WV','IA',0),(2011,'WV','ID',0),(2011,'WV','IL',0),(2011,'WV','IN',0),(2011,'WV','KS',0),(2011,'WV','KY',12),(2011,'WV','LA',0),(2011,'WV','MA',0),(2011,'WV','MD',146),(2011,'WV','ME',1),(2011,'WV','MI',52),(2011,'WV','MN',0),(2011,'WV','MO',0),(2011,'WV','MS',0),(2011,'WV','MT',0),(2011,'WV','NB',0),(2011,'WV','NC',61),(2011,'WV','ND',0),(2011,'WV','NH',1),(2011,'WV','NJ',44),(2011,'WV','NM',0),(2011,'WV','NV',0),(2011,'WV','NY',59),(2011,'WV','OH',133),(2011,'WV','OK',0),(2011,'WV','OR',0),(2011,'WV','PA',86),(2011,'WV','RI',3),(2011,'WV','SC',20),(2011,'WV','SD',0),(2011,'WV','TN',0),(2011,'WV','TX',0),(2011,'WV','UT',0),(2011,'WV','VA',63),(2011,'WV','VT',0),(2011,'WV','WA',0),(2011,'WV','WI',0),(2011,'WV','WV',449),(2011,'WV','WY',0),(2011,'WY','AK',2),(2011,'WY','AL',0),(2011,'WY','AR',0),(2011,'WY','AZ',0),(2011,'WY','CA',0),(2011,'WY','CO',27),(2011,'WY','CT',0),(2011,'WY','DC',0),(2011,'WY','DE',0),(2011,'WY','FL',0),(2011,'WY','GA',0),(2011,'WY','IA',0),(2011,'WY','ID',7),(2011,'WY','IL',0),(2011,'WY','IN',0),(2011,'WY','KS',0),(2011,'WY','KY',0),(2011,'WY','LA',0),(2011,'WY','MA',0),(2011,'WY','MD',0),(2011,'WY','ME',0),(2011,'WY','MI',0),(2011,'WY','MN',0),(2011,'WY','MO',0),(2011,'WY','MS',0),(2011,'WY','MT',9),(2011,'WY','NB',0),(2011,'WY','NC',0),(2011,'WY','ND',0),(2011,'WY','NH',0),(2011,'WY','NJ',0),(2011,'WY','NM',0),(2011,'WY','NV',0),(2011,'WY','NY',0),(2011,'WY','OH',0),(2011,'WY','OK',0),(2011,'WY','OR',11),(2011,'WY','PA',0),(2011,'WY','RI',0),(2011,'WY','SC',0),(2011,'WY','SD',2),(2011,'WY','TN',0),(2011,'WY','TX',0),(2011,'WY','UT',8),(2011,'WY','VA',0),(2011,'WY','VT',0),(2011,'WY','WA',10),(2011,'WY','WI',0),(2011,'WY','WV',0),(2011,'WY','WY',57),(2011,'ZZ','AK',15),(2011,'ZZ','AL',94),(2011,'ZZ','AR',10),(2011,'ZZ','AZ',376),(2011,'ZZ','CA',1300),(2011,'ZZ','CO',170),(2011,'ZZ','CT',72),(2011,'ZZ','DC',70),(2011,'ZZ','DE',19),(2011,'ZZ','FL',850),(2011,'ZZ','GA',295),(2011,'ZZ','IA',69),(2011,'ZZ','ID',25),(2011,'ZZ','IL',598),(2011,'ZZ','IN',135),(2011,'ZZ','KS',59),(2011,'ZZ','KY',63),(2011,'ZZ','LA',167),(2011,'ZZ','MA',138),(2011,'ZZ','MD',346),(2011,'ZZ','ME',2),(2011,'ZZ','MI',165),(2011,'ZZ','MN',90),(2011,'ZZ','MO',185),(2011,'ZZ','MS',32),(2011,'ZZ','MT',25),(2011,'ZZ','NB',55),(2011,'ZZ','NC',411),(2011,'ZZ','ND',0),(2011,'ZZ','NH',1),(2011,'ZZ','NJ',195),(2011,'ZZ','NM',29),(2011,'ZZ','NV',89),(2011,'ZZ','NY',578),(2011,'ZZ','OH',287),(2011,'ZZ','OK',68),(2011,'ZZ','OR',115),(2011,'ZZ','PA',291),(2011,'ZZ','RI',5),(2011,'ZZ','SC',98),(2011,'ZZ','SD',0),(2011,'ZZ','TN',146),(2011,'ZZ','TX',578),(2011,'ZZ','UT',32),(2011,'ZZ','VA',243),(2011,'ZZ','VT',14),(2011,'ZZ','WA',114),(2011,'ZZ','WI',95),(2011,'ZZ','WV',26),(2011,'ZZ','WY',0),(2012,'AK','AK',458),(2012,'AK','HI',2),(2012,'AK','ME',1),(2012,'AK','OR',10),(2012,'AK','WA',24),(2012,'AK','WV',2),(2012,'AL','AL',2166),(2012,'AL','CT',5),(2012,'AL','DC',14),(2012,'AL','FL',252),(2012,'AL','GA',285),(2012,'AL','HI',1),(2012,'AL','IL',103),(2012,'AL','IN',19),(2012,'AL','KY',14),(2012,'AL','LA',50),(2012,'AL','MA',12),(2012,'AL','MI',64),(2012,'AL','MS',59),(2012,'AL','NC',57),(2012,'AL','NH',1),(2012,'AL','NJ',31),(2012,'AL','NY',74),(2012,'AL','OH',31),(2012,'AL','RI',3),(2012,'AL','SC',18),(2012,'AL','TN',85),(2012,'AL','TX',45),(2012,'AL','VA',25),(2012,'AL','WA',11),(2012,'AL','WI',14),(2012,'AR','AR',400),(2012,'AR','IL',89),(2012,'AR','KS',11),(2012,'AR','LA',37),(2012,'AR','MO',51),(2012,'AR','MS',22),(2012,'AR','NB',10),(2012,'AR','NH',1),(2012,'AR','OK',23),(2012,'AR','TN',91),(2012,'AR','TX',78),(2012,'AR','WI',9),(2012,'AR','WV',3),(2012,'AZ','AK',4),(2012,'AZ','AR',4),(2012,'AZ','AZ',4660),(2012,'AZ','CA',1029),(2012,'AZ','CO',40),(2012,'AZ','DE',4),(2012,'AZ','HI',2),(2012,'AZ','IA',10),(2012,'AZ','ID',9),(2012,'AZ','KS',17),(2012,'AZ','LA',20),(2012,'AZ','ME',1),(2012,'AZ','MN',22),(2012,'AZ','MO',18),(2012,'AZ','MT',6),(2012,'AZ','NB',7),(2012,'AZ','ND',3),(2012,'AZ','NH',8),(2012,'AZ','NM',38),(2012,'AZ','NV',103),(2012,'AZ','NY',42),(2012,'AZ','OH',30),(2012,'AZ','OK',14),(2012,'AZ','OR',36),(2012,'AZ','SC',13),(2012,'AZ','SD',3),(2012,'AZ','TX',66),(2012,'AZ','UT',16),(2012,'AZ','VT',1),(2012,'AZ','WA',40),(2012,'AZ','WI',9),(2012,'AZ','WV',2),(2012,'AZ','WY',2),(2012,'CA','AK',8),(2012,'CA','AL',11),(2012,'CA','AR',10),(2012,'CA','AZ',188),(2012,'CA','CA',13106),(2012,'CA','CO',42),(2012,'CA','CT',10),(2012,'CA','DC',13),(2012,'CA','DE',4),(2012,'CA','FL',92),(2012,'CA','GA',51),(2012,'CA','HI',15),(2012,'CA','IA',7),(2012,'CA','ID',24),(2012,'CA','IN',34),(2012,'CA','KS',19),(2012,'CA','KY',13),(2012,'CA','LA',27),(2012,'CA','MA',13),(2012,'CA','MD',29),(2012,'CA','ME',4),(2012,'CA','MI',22),(2012,'CA','MN',18),(2012,'CA','MO',25),(2012,'CA','MS',11),(2012,'CA','MT',5),(2012,'CA','NB',12),(2012,'CA','NC',55),(2012,'CA','ND',3),(2012,'CA','NH',2),(2012,'CA','NM',24),(2012,'CA','NV',213),(2012,'CA','NY',57),(2012,'CA','OH',29),(2012,'CA','OK',18),(2012,'CA','OR',124),(2012,'CA','PA',42),(2012,'CA','SD',2),(2012,'CA','TN',35),(2012,'CA','TX',106),(2012,'CA','UT',27),(2012,'CA','VA',36),(2012,'CA','VT',3),(2012,'CA','WA',97),(2012,'CA','WV',2),(2012,'CA','WY',6),(2012,'CO','AK',5),(2012,'CO','AZ',52),(2012,'CO','CA',131),(2012,'CO','CO',1076),(2012,'CO','HI',2),(2012,'CO','IA',7),(2012,'CO','ID',4),(2012,'CO','KS',32),(2012,'CO','LA',16),(2012,'CO','ME',1),(2012,'CO','MO',15),(2012,'CO','MT',3),(2012,'CO','NB',9),(2012,'CO','ND',6),(2012,'CO','NH',2),(2012,'CO','NM',26),(2012,'CO','NV',21),(2012,'CO','OK',6),(2012,'CO','OR',9),(2012,'CO','SC',17),(2012,'CO','SD',5),(2012,'CO','TX',49),(2012,'CO','UT',10),(2012,'CO','WA',16),(2012,'CO','WV',2),(2012,'CO','WY',6),(2012,'CT','CT',349),(2012,'CT','ME',2),(2012,'CT','NH',2),(2012,'CT','RI',4),(2012,'DC','DC',26),(2012,'DE','DE',351),(2012,'DE','MD',52),(2012,'DE','NJ',30),(2012,'DE','PA',64),(2012,'DE','VT',1),(2012,'FL','AK',5),(2012,'FL','AL',72),(2012,'FL','AR',3),(2012,'FL','AZ',29),(2012,'FL','CA',159),(2012,'FL','CO',27),(2012,'FL','CT',21),(2012,'FL','DC',21),(2012,'FL','DE',13),(2012,'FL','FL',10784),(2012,'FL','GA',287),(2012,'FL','HI',1),(2012,'FL','ID',4),(2012,'FL','IL',117),(2012,'FL','IN',28),(2012,'FL','KS',15),(2012,'FL','KY',29),(2012,'FL','LA',68),(2012,'FL','MA',45),(2012,'FL','MD',99),(2012,'FL','ME',2),(2012,'FL','MI',42),(2012,'FL','MN',13),(2012,'FL','MO',23),(2012,'FL','MS',29),(2012,'FL','NB',15),(2012,'FL','NC',185),(2012,'FL','NH',4),(2012,'FL','NJ',127),(2012,'FL','NM',10),(2012,'FL','NV',29),(2012,'FL','NY',348),(2012,'FL','OH',76),(2012,'FL','OK',12),(2012,'FL','OR',12),(2012,'FL','PA',94),(2012,'FL','RI',8),(2012,'FL','SC',67),(2012,'FL','SD',2),(2012,'FL','TN',83),(2012,'FL','TX',96),(2012,'FL','UT',6),(2012,'FL','VA',78),(2012,'FL','VT',2),(2012,'FL','WA',22),(2012,'FL','WI',11),(2012,'FL','WV',6),(2012,'FL','WY',4),(2012,'GA','AK',3),(2012,'GA','AL',139),(2012,'GA','AR',4),(2012,'GA','AZ',25),(2012,'GA','CA',149),(2012,'GA','CT',16),(2012,'GA','DC',43),(2012,'GA','DE',15),(2012,'GA','FL',459),(2012,'GA','GA',6480),(2012,'GA','IL',125),(2012,'GA','IN',29),(2012,'GA','KS',11),(2012,'GA','KY',20),(2012,'GA','LA',64),(2012,'GA','MA',42),(2012,'GA','MD',103),(2012,'GA','ME',1),(2012,'GA','MI',62),(2012,'GA','MN',18),(2012,'GA','MO',27),(2012,'GA','MS',29),(2012,'GA','NB',10),(2012,'GA','NC',216),(2012,'GA','NH',3),(2012,'GA','NJ',152),(2012,'GA','NM',8),(2012,'GA','NV',18),(2012,'GA','NY',343),(2012,'GA','OH',58),(2012,'GA','OR',13),(2012,'GA','PA',99),(2012,'GA','RI',5),(2012,'GA','SC',123),(2012,'GA','SD',1),(2012,'GA','TN',204),(2012,'GA','TX',75),(2012,'GA','VA',69),(2012,'GA','VT',1),(2012,'GA','WI',22),(2012,'GA','WV',3),(2012,'HI','HI',55),(2012,'IA','IA',678),(2012,'IA','IL',81),(2012,'IA','KS',8),(2012,'IA','ME',1),(2012,'IA','MN',16),(2012,'IA','NB',74),(2012,'IA','SD',1),(2012,'IA','WI',9),(2012,'ID','AK',4),(2012,'ID','CA',120),(2012,'ID','HI',3),(2012,'ID','ID',400),(2012,'ID','ND',3),(2012,'ID','NJ',37),(2012,'ID','NV',13),(2012,'ID','OR',39),(2012,'ID','UT',11),(2012,'ID','WA',74),(2012,'ID','WY',5),(2012,'IL','AZ',30),(2012,'IL','CO',10),(2012,'IL','IA',40),(2012,'IL','IL',3691),(2012,'IL','IN',60),(2012,'IL','KY',14),(2012,'IL','MI',22),(2012,'IL','MN',26),(2012,'IL','MO',138),(2012,'IL','MS',7),(2012,'IL','ND',2),(2012,'IL','NV',20),(2012,'IL','RI',13),(2012,'IL','WI',73),(2012,'IN','AL',10),(2012,'IN','AR',3),(2012,'IN','AZ',28),(2012,'IN','DE',5),(2012,'IN','FL',94),(2012,'IN','GA',30),(2012,'IN','IA',7),(2012,'IN','IL',1154),(2012,'IN','IN',3383),(2012,'IN','KY',134),(2012,'IN','MI',75),(2012,'IN','MN',34),(2012,'IN','MO',16),(2012,'IN','MS',6),(2012,'IN','OH',130),(2012,'IN','OK',6),(2012,'IN','TN',28),(2012,'IN','VT',1),(2012,'IN','WA',10),(2012,'IN','WI',46),(2012,'IN','WV',7),(2012,'KS','AK',3),(2012,'KS','CO',16),(2012,'KS','IA',14),(2012,'KS','KS',1287),(2012,'KS','MO',151),(2012,'KS','NB',11),(2012,'KS','NM',6),(2012,'KS','OK',22),(2012,'KS','SD',1),(2012,'KS','TX',45),(2012,'KY','AK',3),(2012,'KY','AL',11),(2012,'KY','AR',5),(2012,'KY','DC',12),(2012,'KY','DE',4),(2012,'KY','GA',40),(2012,'KY','IL',149),(2012,'KY','IN',95),(2012,'KY','KY',1709),(2012,'KY','LA',15),(2012,'KY','MD',38),(2012,'KY','MI',91),(2012,'KY','MO',15),(2012,'KY','MS',7),(2012,'KY','NC',49),(2012,'KY','NY',53),(2012,'KY','OH',302),(2012,'KY','PA',29),(2012,'KY','SC',14),(2012,'KY','TN',98),(2012,'KY','VA',31),(2012,'KY','WV',24),(2012,'KY','WY',3),(2012,'LA','AL',22),(2012,'LA','AR',12),(2012,'LA','CA',110),(2012,'LA','FL',92),(2012,'LA','GA',48),(2012,'LA','IA',8),(2012,'LA','IN',11),(2012,'LA','LA',3963),(2012,'LA','MO',20),(2012,'LA','MS',93),(2012,'LA','NB',7),(2012,'LA','NC',38),(2012,'LA','NH',1),(2012,'LA','TN',34),(2012,'LA','TX',225),(2012,'LA','VA',25),(2012,'MA','CT',5),(2012,'MA','MA',453),(2012,'MA','ME',10),(2012,'MA','MT',8),(2012,'MA','NH',16),(2012,'MA','RI',17),(2012,'MA','VT',2),(2012,'MD','DC',220),(2012,'MD','DE',54),(2012,'MD','MD',2947),(2012,'MD','NH',1),(2012,'MD','NJ',25),(2012,'MD','PA',53),(2012,'MD','SD',1),(2012,'MD','VA',57),(2012,'MD','VT',1),(2012,'MD','WV',29),(2012,'ME','CT',8),(2012,'ME','MA',72),(2012,'ME','ME',320),(2012,'ME','ND',2),(2012,'ME','NH',18),(2012,'ME','RI',9),(2012,'ME','VT',3),(2012,'MI','AK',3),(2012,'MI','AR',3),(2012,'MI','CO',11),(2012,'MI','FL',73),(2012,'MI','HI',1),(2012,'MI','ID',4),(2012,'MI','IL',82),(2012,'MI','IN',56),(2012,'MI','KY',18),(2012,'MI','MI',1892),(2012,'MI','MS',8),(2012,'MI','NH',1),(2012,'MI','NM',4),(2012,'MI','NV',14),(2012,'MI','OH',71),(2012,'MI','OK',7),(2012,'MI','SD',1),(2012,'MI','TN',27),(2012,'MI','UT',6),(2012,'MI','WI',12),(2012,'MI','WV',2),(2012,'MI','WY',3),(2012,'MN','AK',6),(2012,'MN','AR',3),(2012,'MN','AZ',25),(2012,'MN','HI',2),(2012,'MN','IA',10),(2012,'MN','ID',4),(2012,'MN','MN',1128),(2012,'MN','NB',8),(2012,'MN','ND',12),(2012,'MN','NH',1),(2012,'MN','SD',4),(2012,'MN','VT',1),(2012,'MN','WI',31),(2012,'MO','AR',7),(2012,'MO','HI',3),(2012,'MO','IA',22),(2012,'MO','IL',160),(2012,'MO','KS',177),(2012,'MO','KY',12),(2012,'MO','MO',2092),(2012,'MO','NB',19),(2012,'MO','ND',3),(2012,'MO','OK',9),(2012,'MO','SD',1),(2012,'MO','UT',5),(2012,'MO','WA',10),(2012,'MO','WI',11),(2012,'MS','AL',77),(2012,'MS','AR',8),(2012,'MS','GA',62),(2012,'MS','HI',1),(2012,'MS','IA',11),(2012,'MS','IL',315),(2012,'MS','IN',17),(2012,'MS','KY',10),(2012,'MS','LA',184),(2012,'MS','MI',32),(2012,'MS','MN',19),(2012,'MS','MO',34),(2012,'MS','MS',1516),(2012,'MS','NH',1),(2012,'MS','TN',240),(2012,'MS','TX',69),(2012,'MS','WI',42),(2012,'MT','AK',3),(2012,'MT','ID',16),(2012,'MT','MT',261),(2012,'MT','ND',8),(2012,'MT','OR',14),(2012,'MT','SD',2),(2012,'MT','WA',33),(2012,'MT','WY',6),(2012,'NB','IA',48),(2012,'NB','KS',9),(2012,'NB','LA',16),(2012,'NB','MN',17),(2012,'NB','NB',628),(2012,'NB','ND',2),(2012,'NB','SD',3),(2012,'NB','VT',1),(2012,'NB','WY',5),(2012,'NC','AL',17),(2012,'NC','CO',12),(2012,'NC','CT',29),(2012,'NC','DC',74),(2012,'NC','DE',19),(2012,'NC','FL',146),(2012,'NC','GA',103),(2012,'NC','IN',13),(2012,'NC','KY',11),(2012,'NC','MA',33),(2012,'NC','MD',168),(2012,'NC','ME',5),(2012,'NC','MS',6),(2012,'NC','NC',5906),(2012,'NC','NH',2),(2012,'NC','NJ',199),(2012,'NC','NY',311),(2012,'NC','OH',37),(2012,'NC','PA',65),(2012,'NC','RI',3),(2012,'NC','SC',210),(2012,'NC','TN',40),(2012,'NC','TX',49),(2012,'NC','VA',176),(2012,'NC','VT',3),(2012,'NC','WA',10),(2012,'NC','WV',13),(2012,'ND','MN',21),(2012,'ND','MT',3),(2012,'ND','ND',99),(2012,'ND','NM',4),(2012,'ND','SD',3),(2012,'NH','CT',14),(2012,'NH','MA',129),(2012,'NH','ME',15),(2012,'NH','NH',120),(2012,'NH','RI',7),(2012,'NH','VT',12),(2012,'NJ','DE',7),(2012,'NJ','ME',1),(2012,'NJ','NJ',425),(2012,'NJ','PA',47),(2012,'NJ','VT',1),(2012,'NM','AK',3),(2012,'NM','AZ',49),(2012,'NM','CA',102),(2012,'NM','CO',42),(2012,'NM','HI',1),(2012,'NM','KS',14),(2012,'NM','ND',2),(2012,'NM','NH',1),(2012,'NM','NM',697),(2012,'NM','NV',14),(2012,'NM','OR',12),(2012,'NM','TX',51),(2012,'NM','UT',5),(2012,'NM','WY',2),(2012,'NV','AK',4),(2012,'NV','AZ',49),(2012,'NV','CA',550),(2012,'NV','ID',10),(2012,'NV','MT',10),(2012,'NV','NM',6),(2012,'NV','NV',1408),(2012,'NV','OK',7),(2012,'NV','OR',21),(2012,'NV','UT',21),(2012,'NV','WA',19),(2012,'NY','CT',40),(2012,'NY','DE',5),(2012,'NY','FL',104),(2012,'NY','MD',28),(2012,'NY','MT',3),(2012,'NY','NC',46),(2012,'NY','NH',2),(2012,'NY','NJ',56),(2012,'NY','NY',1552),(2012,'NY','PA',52),(2012,'NY','RI',2),(2012,'NY','SC',14),(2012,'NY','VT',10),(2012,'OH','AL',12),(2012,'OH','AR',4),(2012,'OH','AZ',34),(2012,'OH','CA',112),(2012,'OH','CO',10),(2012,'OH','CT',18),(2012,'OH','DC',17),(2012,'OH','DE',5),(2012,'OH','FL',152),(2012,'OH','GA',56),(2012,'OH','HI',2),(2012,'OH','IA',9),(2012,'OH','IL',128),(2012,'OH','IN',48),(2012,'OH','KY',67),(2012,'OH','LA',18),(2012,'OH','MA',13),(2012,'OH','MD',76),(2012,'OH','ME',3),(2012,'OH','MI',154),(2012,'OH','MN',16),(2012,'OH','NC',91),(2012,'OH','NH',3),(2012,'OH','NJ',75),(2012,'OH','NM',8),(2012,'OH','NV',26),(2012,'OH','NY',183),(2012,'OH','OH',5375),(2012,'OH','OK',8),(2012,'OH','PA',115),(2012,'OH','RI',6),(2012,'OH','SC',30),(2012,'OH','TN',44),(2012,'OH','VA',29),(2012,'OH','VT',1),(2012,'OH','WI',10),(2012,'OH','WV',47),(2012,'OK','AR',15),(2012,'OK','AZ',25),(2012,'OK','CA',141),(2012,'OK','CO',16),(2012,'OK','KS',66),(2012,'OK','ME',1),(2012,'OK','MO',36),(2012,'OK','NB',10),(2012,'OK','ND',2),(2012,'OK','NH',1),(2012,'OK','NM',8),(2012,'OK','OK',793),(2012,'OK','OR',9),(2012,'OK','TX',154),(2012,'OR','AK',13),(2012,'OR','AZ',25),(2012,'OR','CA',348),(2012,'OR','HI',3),(2012,'OR','ID',24),(2012,'OR','KS',10),(2012,'OR','ME',3),(2012,'OR','MT',5),(2012,'OR','NV',20),(2012,'OR','OR',1477),(2012,'OR','UT',10),(2012,'OR','WA',152),(2012,'PA','AK',4),(2012,'PA','AL',13),(2012,'PA','AZ',32),(2012,'PA','CT',19),(2012,'PA','DC',19),(2012,'PA','DE',77),(2012,'PA','FL',82),(2012,'PA','GA',33),(2012,'PA','ID',5),(2012,'PA','MA',13),(2012,'PA','MD',293),(2012,'PA','ME',3),(2012,'PA','MI',22),(2012,'PA','MT',3),(2012,'PA','NC',68),(2012,'PA','NH',1),(2012,'PA','NJ',278),(2012,'PA','NM',4),(2012,'PA','NY',367),(2012,'PA','OH',82),(2012,'PA','PA',4987),(2012,'PA','SC',19),(2012,'PA','UT',13),(2012,'PA','VA',65),(2012,'PA','VT',6),(2012,'PA','WI',14),(2012,'PA','WV',21),(2012,'PA','WY',2),(2012,'RI','MA',14),(2012,'RI','RI',126),(2012,'SC','AL',16),(2012,'SC','CT',12),(2012,'SC','DC',34),(2012,'SC','DE',9),(2012,'SC','FL',95),(2012,'SC','GA',213),(2012,'SC','LA',16),(2012,'SC','MA',24),(2012,'SC','MD',74),(2012,'SC','MS',5),(2012,'SC','NC',431),(2012,'SC','NJ',134),(2012,'SC','NY',283),(2012,'SC','OK',6),(2012,'SC','PA',92),(2012,'SC','SC',2102),(2012,'SC','TN',27),(2012,'SC','VA',40),(2012,'SC','WV',6),(2012,'SD','IA',7),(2012,'SD','MN',24),(2012,'SD','NB',13),(2012,'SD','SD',109),(2012,'SD','WY',3),(2012,'TN','AL',45),(2012,'TN','AR',9),(2012,'TN','CO',12),(2012,'TN','DC',11),(2012,'TN','FL',112),(2012,'TN','GA',119),(2012,'TN','IL',128),(2012,'TN','IN',95),(2012,'TN','KY',61),(2012,'TN','LA',29),(2012,'TN','MD',25),(2012,'TN','ME',2),(2012,'TN','MI',55),(2012,'TN','MO',25),(2012,'TN','MS',41),(2012,'TN','MT',3),(2012,'TN','NC',82),(2012,'TN','NM',4),(2012,'TN','NY',48),(2012,'TN','OH',38),(2012,'TN','OK',11),(2012,'TN','RI',2),(2012,'TN','SC',48),(2012,'TN','TN',2570),(2012,'TN','TX',46),(2012,'TN','UT',5),(2012,'TN','VA',37),(2012,'TN','WI',10),(2012,'TN','WV',3),(2012,'TX','AK',8),(2012,'TX','AL',33),(2012,'TX','AR',25),(2012,'TX','AZ',88),(2012,'TX','CA',435),(2012,'TX','CO',73),(2012,'TX','CT',5),(2012,'TX','DC',16),(2012,'TX','DE',13),(2012,'TX','FL',195),(2012,'TX','GA',103),(2012,'TX','HI',2),(2012,'TX','IA',11),(2012,'TX','ID',6),(2012,'TX','IL',132),(2012,'TX','IN',41),(2012,'TX','KS',35),(2012,'TX','KY',25),(2012,'TX','LA',237),(2012,'TX','MA',15),(2012,'TX','MD',58),(2012,'TX','ME',3),(2012,'TX','MI',41),(2012,'TX','MN',24),(2012,'TX','MO',45),(2012,'TX','MS',45),(2012,'TX','MT',5),(2012,'TX','NB',22),(2012,'TX','NC',91),(2012,'TX','ND',3),(2012,'TX','NH',2),(2012,'TX','NJ',38),(2012,'TX','NM',86),(2012,'TX','NV',32),(2012,'TX','NY',107),(2012,'TX','OH',50),(2012,'TX','OK',62),(2012,'TX','OR',21),(2012,'TX','PA',64),(2012,'TX','RI',4),(2012,'TX','SC',24),(2012,'TX','SD',2),(2012,'TX','TN',58),(2012,'TX','TX',7809),(2012,'TX','UT',12),(2012,'TX','VA',41),(2012,'TX','VT',2),(2012,'TX','WA',40),(2012,'TX','WI',22),(2012,'TX','WV',7),(2012,'TX','WY',3),(2012,'UT','AK',5),(2012,'UT','AZ',25),(2012,'UT','CA',163),(2012,'UT','CO',10),(2012,'UT','HI',2),(2012,'UT','ID',9),(2012,'UT','MT',3),(2012,'UT','ND',2),(2012,'UT','NV',48),(2012,'UT','OR',9),(2012,'UT','UT',567),(2012,'UT','WA',19),(2012,'UT','WY',6),(2012,'VA','AL',12),(2012,'VA','CT',16),(2012,'VA','DC',268),(2012,'VA','DE',15),(2012,'VA','FL',124),(2012,'VA','GA',60),(2012,'VA','HI',1),(2012,'VA','IN',13),(2012,'VA','KS',8),(2012,'VA','KY',10),(2012,'VA','MA',15),(2012,'VA','MD',476),(2012,'VA','ME',3),(2012,'VA','MI',23),(2012,'VA','NC',317),(2012,'VA','NH',1),(2012,'VA','NJ',194),(2012,'VA','NM',4),(2012,'VA','NY',458),(2012,'VA','OH',32),(2012,'VA','OK',6),(2012,'VA','PA',118),(2012,'VA','RI',2),(2012,'VA','SC',40),(2012,'VA','TN',54),(2012,'VA','VA',4070),(2012,'VA','VT',2),(2012,'VA','WV',30),(2012,'VA','WY',3),(2012,'VT','CT',13),(2012,'VT','MA',12),(2012,'VT','ME',1),(2012,'VT','NH',6),(2012,'VT','RI',3),(2012,'VT','VT',125),(2012,'WA','AK',10),(2012,'WA','AZ',55),(2012,'WA','CA',287),(2012,'WA','HI',5),(2012,'WA','ID',34),(2012,'WA','MT',12),(2012,'WA','NH',1),(2012,'WA','NM',6),(2012,'WA','NV',19),(2012,'WA','OR',139),(2012,'WA','SD',1),(2012,'WA','WA',1840),(2012,'WA','WY',3),(2012,'WI','AK',4),(2012,'WI','IA',7),(2012,'WI','IL',221),(2012,'WI','MN',90),(2012,'WI','MT',6),(2012,'WI','ND',2),(2012,'WI','NH',1),(2012,'WI','SD',1),(2012,'WI','WI',1734),(2012,'WV','DC',21),(2012,'WV','DE',5),(2012,'WV','HI',1),(2012,'WV','KY',15),(2012,'WV','MD',170),(2012,'WV','MI',48),(2012,'WV','NB',7),(2012,'WV','NC',81),(2012,'WV','NJ',36),(2012,'WV','NY',53),(2012,'WV','OH',107),(2012,'WV','PA',63),(2012,'WV','SC',14),(2012,'WV','VA',51),(2012,'WV','WV',472),(2012,'WY','CO',24),(2012,'WY','ID',4),(2012,'WY','ME',1),(2012,'WY','MT',4),(2012,'WY','ND',2),(2012,'WY','NM',4),(2012,'WY','UT',11),(2012,'WY','WY',102),(2012,'ZZ','AK',26),(2012,'ZZ','AL',90),(2012,'ZZ','AR',23),(2012,'ZZ','AZ',343),(2012,'ZZ','CA',1338),(2012,'ZZ','CO',152),(2012,'ZZ','CT',44),(2012,'ZZ','DC',82),(2012,'ZZ','FL',838),(2012,'ZZ','GA',311),(2012,'ZZ','IA',60),(2012,'ZZ','ID',38),(2012,'ZZ','IL',674),(2012,'ZZ','IN',137),(2012,'ZZ','KS',106),(2012,'ZZ','KY',87),(2012,'ZZ','LA',169),(2012,'ZZ','MA',94),(2012,'ZZ','MD',294),(2012,'ZZ','MI',176),(2012,'ZZ','MN',160),(2012,'ZZ','MO',181),(2012,'ZZ','MS',54),(2012,'ZZ','MT',23),(2012,'ZZ','NB',65),(2012,'ZZ','NC',429),(2012,'ZZ','ND',10),(2012,'ZZ','NJ',275),(2012,'ZZ','NM',39),(2012,'ZZ','NV',179),(2012,'ZZ','NY',571),(2012,'ZZ','OH',252),(2012,'ZZ','OK',61),(2012,'ZZ','OR',96),(2012,'ZZ','PA',309),(2012,'ZZ','RI',8),(2012,'ZZ','SC',125),(2012,'ZZ','TN',202),(2012,'ZZ','TX',559),(2012,'ZZ','UT',52),(2012,'ZZ','VA',242),(2012,'ZZ','WA',138),(2012,'ZZ','WI',88),(2012,'ZZ','WV',14),(2012,'ZZ','WY',8);
/*!40000 ALTER TABLE `gun_trace_data` ENABLE KEYS */;
UNLOCK TABLES;

--
-- Table structure for table `state_populations`
--

DROP TABLE IF EXISTS `state_populations`;
/*!40101 SET @saved_cs_client     = @@character_set_client */;
/*!40101 SET character_set_client = utf8 */;
CREATE TABLE `state_populations` (
  `state_abbrev` varchar(2) NOT NULL,
  `population_year` int(11) NOT NULL,
  `population` int(11) DEFAULT NULL,
  PRIMARY KEY (`state_abbrev`,`population_year`)
) ENGINE=InnoDB DEFAULT CHARSET=latin1;
/*!40101 SET character_set_client = @saved_cs_client */;

--
-- Dumping data for table `state_populations`
--

LOCK TABLES `state_populations` WRITE;
/*!40000 ALTER TABLE `state_populations` DISABLE KEYS */;
INSERT INTO `state_populations` VALUES ('AK',2004,655435),('AK',2005,669488),('AK',2006,677325),('AK',2007,682297),('AK',2008,688125),('AK',2009,698473),('AK',2010,710231),('AK',2011,722718),('AK',2012,731449),('AL',2004,4530182),('AL',2005,4545049),('AL',2006,4597688),('AL',2007,4637904),('AL',2008,4677464),('AL',2009,4708708),('AL',2010,4779735),('AL',2011,4802740),('AL',2012,4822023),('AR',2004,2752629),('AR',2005,2776221),('AR',2006,2815097),('AR',2007,2842194),('AR',2008,2867764),('AR',2009,2889450),('AR',2010,2915921),('AR',2011,2937979),('AR',2012,2949131),('AZ',2004,5743834),('AZ',2005,5974834),('AZ',2006,6192100),('AZ',2007,6362241),('AZ',2008,6499377),('AZ',2009,6595778),('AZ',2010,6329013),('AZ',2011,6482505),('AZ',2012,6553255),('CA',2004,35893799),('CA',2005,35795255),('CA',2006,35979208),('CA',2007,36226122),('CA',2008,36580371),('CA',2009,36961664),('CA',2010,37253956),('CA',2011,37691912),('CA',2012,38041430),('CO',2004,4601403),('CO',2005,4660780),('CO',2006,4753044),('CO',2007,4842259),('CO',2008,4935213),('CO',2009,5024748),('CO',2010,5029196),('CO',2011,5116796),('CO',2012,5187582),('CT',2004,3503604),('CT',2005,3477416),('CT',2006,3485162),('CT',2007,3488633),('CT',2008,3502932),('CT',2009,3518288),('CT',2010,3574097),('CT',2011,3580709),('CT',2012,3590347),('DC',2004,553523),('DC',2005,582049),('DC',2006,583978),('DC',2007,586409),('DC',2008,590074),('DC',2009,599657),('DC',2010,601723),('DC',2011,617996),('DC',2012,632323),('DE',2004,830364),('DE',2005,839906),('DE',2006,853022),('DE',2007,864896),('DE',2008,876211),('DE',2009,885122),('DE',2010,897934),('DE',2011,907135),('DE',2012,917092),('FL',2004,17397161),('FL',2005,17783868),('FL',2006,18088505),('FL',2007,18277888),('FL',2008,18423878),('FL',2009,18537969),('FL',2010,18801311),('FL',2011,19057542),('FL',2012,19317568),('GA',2004,8829383),('GA',2005,9097428),('GA',2006,9330086),('GA',2007,9533761),('GA',2008,9697838),('GA',2009,9829211),('GA',2010,9687653),('GA',2011,9815210),('GA',2012,9919945),('HI',2004,1262840),('HI',2005,1266117),('HI',2006,1275599),('HI',2007,1276832),('HI',2008,1287481),('HI',2009,1295178),('HI',2010,1360301),('HI',2011,1374810),('HI',2012,1392313),('IA',2004,2954451),('IA',2005,2949450),('IA',2006,2964391),('IA',2007,2978719),('IA',2008,2993987),('IA',2009,3007856),('IA',2010,3046350),('IA',2011,3062309),('IA',2012,3074186),('ID',2004,1393262),('ID',2005,1425862),('ID',2006,1464413),('ID',2007,1499245),('ID',2008,1527506),('ID',2009,1545801),('ID',2010,1567582),('ID',2011,1584985),('ID',2012,1595728),('IL',2004,12713634),('IL',2005,12674452),('IL',2006,12718011),('IL',2007,12779417),('IL',2008,12842954),('IL',2009,12910409),('IL',2010,12830632),('IL',2011,12869257),('IL',2012,12875255),('IN',2004,6237569),('IN',2005,6253120),('IN',2006,6301700),('IN',2007,6346113),('IN',2008,6388309),('IN',2009,6423113),('IN',2010,6483800),('IN',2011,6516922),('IN',2012,6537334),('KS',2004,2735502),('KS',2005,2741771),('KS',2006,2755700),('KS',2007,2775586),('KS',2008,2797375),('KS',2009,2818747),('KS',2010,2853118),('KS',2011,2871238),('KS',2012,2885905),('KY',2004,4145922),('KY',2005,4182293),('KY',2006,4219374),('KY',2007,4256278),('KY',2008,4287931),('KY',2009,4314113),('KY',2010,4339362),('KY',2011,4369356),('KY',2012,4380415),('LA',2004,4515770),('LA',2005,4497691),('LA',2006,4240327),('LA',2007,4376122),('LA',2008,4451513),('LA',2009,4492076),('LA',2010,4533372),('LA',2011,4574836),('LA',2012,4601893),('MA',2004,6416505),('MA',2005,6453031),('MA',2006,6466399),('MA',2007,6499275),('MA',2008,6543595),('MA',2009,6593587),('MA',2010,6547629),('MA',2011,6587536),('MA',2012,6646144),('MD',2004,5558058),('MD',2005,5582520),('MD',2006,5612196),('MD',2007,5634242),('MD',2008,5658655),('MD',2009,5699478),('MD',2010,5773552),('MD',2011,5828289),('MD',2012,5884563),('ME',2004,1317253),('ME',2005,1311631),('ME',2006,1314963),('ME',2007,1317308),('ME',2008,1319691),('ME',2009,1318301),('ME',2010,1328361),('ME',2011,1328188),('ME',2012,1329192),('MI',2004,10112620),('MI',2005,10090554),('MI',2006,10082438),('MI',2007,10050847),('MI',2008,10002486),('MI',2009,9969727),('MI',2010,9883635),('MI',2011,9876187),('MI',2012,9883360),('MN',2004,5100958),('MN',2005,5106560),('MN',2006,5148346),('MN',2007,5191206),('MN',2008,5230567),('MN',2009,5266214),('MN',2010,5303925),('MN',2011,5344861),('MN',2012,5379139),('MO',2004,5754618),('MO',2005,5806639),('MO',2006,5861572),('MO',2007,5909824),('MO',2008,5956335),('MO',2009,5987580),('MO',2010,5988927),('MO',2011,6010688),('MO',2012,6021988),('MS',2004,2902966),('MS',2005,2900116),('MS',2006,2897150),('MS',2007,2921723),('MS',2008,2940212),('MS',2009,2951996),('MS',2010,2967297),('MS',2011,2978512),('MS',2012,2984926),('MT',2004,926865),('MT',2005,934801),('MT',2006,946230),('MT',2007,957225),('MT',2008,968035),('MT',2009,974989),('MT',2010,989415),('MT',2011,998199),('MT',2012,1005141),('NB',2004,1747214),('NB',2005,1751721),('NB',2006,1760435),('NB',2007,1769912),('NB',2008,1781949),('NB',2009,1796619),('NB',2010,1826341),('NB',2011,1842641),('NB',2012,1855525),('NC',2004,8541221),('NC',2005,8669452),('NC',2006,8866977),('NC',2007,9064074),('NC',2008,9247134),('NC',2009,9380884),('NC',2010,9535475),('NC',2011,9656401),('NC',2012,9752073),('ND',2004,634366),('ND',2005,635365),('ND',2006,636771),('ND',2007,638202),('ND',2008,641421),('ND',2009,646844),('ND',2010,672591),('ND',2011,683932),('ND',2012,699628),('NH',2004,1299500),('NH',2005,1301415),('NH',2006,1311894),('NH',2007,1317343),('NH',2008,1321872),('NH',2009,1324575),('NH',2010,1316472),('NH',2011,1318194),('NH',2012,1320718),('NJ',2004,8698879),('NJ',2005,8621837),('NJ',2006,8623721),('NJ',2007,8636043),('NJ',2008,8663398),('NJ',2009,8707739),('NJ',2010,8791894),('NJ',2011,8821155),('NJ',2012,8864590),('NM',2004,1903289),('NM',2005,1916538),('NM',2006,1942608),('NM',2007,1968731),('NM',2008,1986763),('NM',2009,2009671),('NM',2010,2059180),('NM',2011,2082224),('NM',2012,2085538),('NV',2004,2334771),('NV',2005,2408804),('NV',2006,2493405),('NV',2007,2567752),('NV',2008,2615772),('NV',2009,2643085),('NV',2010,2700551),('NV',2011,2723322),('NV',2012,2758931),('NY',2004,19227088),('NY',2005,19330891),('NY',2006,19356564),('NY',2007,19422777),('NY',2008,19467789),('NY',2009,19541453),('NY',2010,19378104),('NY',2011,19465197),('NY',2012,19570261),('OH',2004,11459011),('OH',2005,11475262),('OH',2006,11492495),('OH',2007,11520815),('OH',2008,11528072),('OH',2009,11542645),('OH',2010,11536502),('OH',2011,11544951),('OH',2012,11544225),('OK',2004,3523553),('OK',2005,3532769),('OK',2006,3574334),('OK',2007,3612186),('OK',2008,3644025),('OK',2009,3687050),('OK',2010,3751354),('OK',2011,3791508),('OK',2012,3814820),('OR',2004,3594586),('OR',2005,3617869),('OR',2006,3677545),('OR',2007,3732957),('OR',2008,3782991),('OR',2009,3825657),('OR',2010,3831074),('OR',2011,3871859),('OR',2012,3899353),('PA',2004,12406292),('PA',2005,12418161),('PA',2006,12471142),('PA',2007,12522531),('PA',2008,12566368),('PA',2009,12604767),('PA',2010,12702379),('PA',2011,12742886),('PA',2012,12763536),('RI',2004,1080632),('RI',2005,1064989),('RI',2006,1060196),('RI',2007,1055009),('RI',2008,1053502),('RI',2009,1053209),('RI',2010,1052567),('RI',2011,1051302),('RI',2012,1050292),('SC',2004,4198068),('SC',2005,4256199),('SC',2006,4339399),('SC',2007,4424232),('SC',2008,4503280),('SC',2009,4561242),('SC',2010,4625364),('SC',2011,4679230),('SC',2012,4723723),('SD',2004,770883),('SD',2005,780084),('SD',2006,788519),('SD',2007,797035),('SD',2008,804532),('SD',2009,812383),('SD',2010,814180),('SD',2011,824082),('SD',2012,833354),('TN',2004,5900962),('TN',2005,5995748),('TN',2006,6089453),('TN',2007,6172862),('TN',2008,6240456),('TN',2009,6296254),('TN',2010,6346110),('TN',2011,6403353),('TN',2012,6456243),('TX',2004,22490022),('TX',2005,22801920),('TX',2006,23369024),('TX',2007,23837701),('TX',2008,24304290),('TX',2009,24782302),('TX',2010,25145561),('TX',2011,25674681),('TX',2012,26059203),('UT',2004,2389039),('UT',2005,2499637),('UT',2006,2583724),('UT',2007,2663796),('UT',2008,2727343),('UT',2009,2784572),('UT',2010,2763885),('UT',2011,2817222),('UT',2012,2855287),('VA',2004,7459827),('VA',2005,7563887),('VA',2006,7646996),('VA',2007,7719749),('VA',2008,7795424),('VA',2009,7882590),('VA',2010,8001024),('VA',2011,8096604),('VA',2012,8185867),('VT',2004,621394),('VT',2005,618814),('VT',2006,619985),('VT',2007,620460),('VT',2008,621049),('VT',2009,621760),('VT',2010,625741),('VT',2011,626431),('VT',2012,626011),('WA',2004,6203788),('WA',2005,6261282),('WA',2006,6372243),('WA',2007,6464979),('WA',2008,6566073),('WA',2009,6664195),('WA',2010,6724540),('WA',2011,6830038),('WA',2012,6897012),('WI',2004,5509026),('WI',2005,5541443),('WI',2006,5571680),('WI',2007,5601571),('WI',2008,5627610),('WI',2009,5654774),('WI',2010,5686986),('WI',2011,5711767),('WI',2012,5726398),('WV',2004,1815354),('WV',2005,1803920),('WV',2006,1807237),('WV',2007,1811198),('WV',2008,1814873),('WV',2009,1819777),('WV',2010,1852996),('WV',2011,1855364),('WV',2012,1855413),('WY',2004,506529),('WY',2005,506242),('WY',2006,512841),('WY',2007,523414),('WY',2008,532981),('WY',2009,544270),('WY',2010,563626),('WY',2011,568158),('WY',2012,576412);
/*!40000 ALTER TABLE `state_populations` ENABLE KEYS */;
UNLOCK TABLES;

--
-- Temporary table structure for view `state_summary`
--

DROP TABLE IF EXISTS `state_summary`;
/*!50001 DROP VIEW IF EXISTS `state_summary`*/;
SET @saved_cs_client     = @@character_set_client;
SET character_set_client = utf8;
/*!50001 CREATE TABLE `state_summary` (
  `state` tinyint NOT NULL,
  `trace_year` tinyint NOT NULL,
  `traced` tinyint NOT NULL,
  `traced_per_100k` tinyint NOT NULL,
  `sourced` tinyint NOT NULL,
  `sourced_per_100k` tinyint NOT NULL
) ENGINE=MyISAM */;
SET character_set_client = @saved_cs_client;

--
-- Table structure for table `states`
--

DROP TABLE IF EXISTS `states`;
/*!40101 SET @saved_cs_client     = @@character_set_client */;
/*!40101 SET character_set_client = utf8 */;
CREATE TABLE `states` (
  `state_abbrev` varchar(2) NOT NULL,
  `state_name` varchar(45) DEFAULT NULL,
  PRIMARY KEY (`state_abbrev`)
) ENGINE=InnoDB DEFAULT CHARSET=latin1;
/*!40101 SET character_set_client = @saved_cs_client */;

--
-- Dumping data for table `states`
--

LOCK TABLES `states` WRITE;
/*!40000 ALTER TABLE `states` DISABLE KEYS */;
INSERT INTO `states` VALUES ('AK',' Alaska'),('AL',' Alabama'),('AR',' Arkansas'),('AZ',' Arizona'),('CA',' California'),('CO',' Colorado'),('CT',' Connecticut'),('DC',' DC'),('DE',' Delaware'),('FL',' Florida\r'),('GA',' Georgia\r'),('HI',' Hawaii\r'),('IA',' Iowa\r'),('ID',' Idaho\r'),('IL',' Illinois\r'),('IN',' Indiana\r'),('KS',' Kansas\r'),('KY',' Kentucky\r'),('LA',' Louisiana\r'),('MA',' Massachusetts\r'),('MD',' Maryland\r'),('ME',' Maine\r'),('MI',' Michigan\r'),('MN',' Minnesota\r'),('MO',' Missouri\r'),('MS',' Mississippi\r'),('MT',' Montana\r'),('NB',' Nebraska\r'),('NC',' North Carolina\r'),('ND',' North Dakota\r'),('NH',' New Hampshire\r'),('NJ',' New Jersey\r'),('NM',' New Mexico\r'),('NV',' Nevada\r'),('NY',' New York\r'),('OH',' Ohio\r'),('OK',' Oklahoma\r'),('OR',' Oregon\r'),('PA',' Pennsylvania\r'),('RI',' Rhode Island\r'),('SC',' South Carolina\r'),('SD',' South Dakota\r'),('TN',' Tennessee\r'),('TX',' Texas\r'),('UT',' Utah\r'),('VA',' Virginia\r'),('VT',' Vermont\r'),('WA',' Washington\r'),('WI',' Wisconsin\r'),('WV',' West Virginia\r'),('WY',' Wyoming');
/*!40000 ALTER TABLE `states` ENABLE KEYS */;
UNLOCK TABLES;

--
-- Temporary table structure for view `total_sourced_by_state`
--

DROP TABLE IF EXISTS `total_sourced_by_state`;
/*!50001 DROP VIEW IF EXISTS `total_sourced_by_state`*/;
SET @saved_cs_client     = @@character_set_client;
SET character_set_client = utf8;
/*!50001 CREATE TABLE `total_sourced_by_state` (
  `trace_year` tinyint NOT NULL,
  `state` tinyint NOT NULL,
  `population` tinyint NOT NULL,
  `sourced` tinyint NOT NULL,
  `sourced_per_100k` tinyint NOT NULL
) ENGINE=MyISAM */;
SET character_set_client = @saved_cs_client;

--
-- Temporary table structure for view `total_traced_by_state`
--

DROP TABLE IF EXISTS `total_traced_by_state`;
/*!50001 DROP VIEW IF EXISTS `total_traced_by_state`*/;
SET @saved_cs_client     = @@character_set_client;
SET character_set_client = utf8;
/*!50001 CREATE TABLE `total_traced_by_state` (
  `trace_year` tinyint NOT NULL,
  `state` tinyint NOT NULL,
  `population` tinyint NOT NULL,
  `traced` tinyint NOT NULL,
  `traced_per_100k` tinyint NOT NULL
) ENGINE=MyISAM */;
SET character_set_client = @saved_cs_client;

--
-- Final view structure for view `state_summary`
--

/*!50001 DROP TABLE IF EXISTS `state_summary`*/;
/*!50001 DROP VIEW IF EXISTS `state_summary`*/;
/*!50001 SET @saved_cs_client          = @@character_set_client */;
/*!50001 SET @saved_cs_results         = @@character_set_results */;
/*!50001 SET @saved_col_connection     = @@collation_connection */;
/*!50001 SET character_set_client      = utf8 */;
/*!50001 SET character_set_results     = utf8 */;
/*!50001 SET collation_connection      = utf8_general_ci */;
/*!50001 CREATE ALGORITHM=UNDEFINED */
/*!50013 DEFINER=`trace_data`@`localhost` SQL SECURITY DEFINER */
/*!50001 VIEW `state_summary` AS select `a`.`state` AS `state`,`a`.`trace_year` AS `trace_year`,`a`.`traced` AS `traced`,`a`.`traced_per_100k` AS `traced_per_100k`,`b`.`sourced` AS `sourced`,`b`.`sourced_per_100k` AS `sourced_per_100k` from (`total_traced_by_state` `a` join `total_sourced_by_state` `b`) where ((`a`.`state` = `b`.`state`) and (`a`.`trace_year` = `b`.`trace_year`)) */;
/*!50001 SET character_set_client      = @saved_cs_client */;
/*!50001 SET character_set_results     = @saved_cs_results */;
/*!50001 SET collation_connection      = @saved_col_connection */;

--
-- Final view structure for view `total_sourced_by_state`
--

/*!50001 DROP TABLE IF EXISTS `total_sourced_by_state`*/;
/*!50001 DROP VIEW IF EXISTS `total_sourced_by_state`*/;
/*!50001 SET @saved_cs_client          = @@character_set_client */;
/*!50001 SET @saved_cs_results         = @@character_set_results */;
/*!50001 SET @saved_col_connection     = @@collation_connection */;
/*!50001 SET character_set_client      = utf8 */;
/*!50001 SET character_set_results     = utf8 */;
/*!50001 SET collation_connection      = utf8_general_ci */;
/*!50001 CREATE ALGORITHM=UNDEFINED */
/*!50013 DEFINER=`trace_data`@`localhost` SQL SECURITY DEFINER */
/*!50001 VIEW `total_sourced_by_state` AS select `a`.`trace_year` AS `trace_year`,`a`.`originated_in` AS `state`,`s`.`population` AS `population`,sum(`a`.`num_guns`) AS `sourced`,((sum(`a`.`num_guns`) / `s`.`population`) * 100000) AS `sourced_per_100k` from (`gun_trace_data` `a` join `state_populations` `s`) where ((`a`.`originated_in` = `s`.`state_abbrev`) and (`a`.`trace_year` = `s`.`population_year`)) group by `a`.`trace_year`,`a`.`originated_in` */;
/*!50001 SET character_set_client      = @saved_cs_client */;
/*!50001 SET character_set_results     = @saved_cs_results */;
/*!50001 SET collation_connection      = @saved_col_connection */;

--
-- Final view structure for view `total_traced_by_state`
--

/*!50001 DROP TABLE IF EXISTS `total_traced_by_state`*/;
/*!50001 DROP VIEW IF EXISTS `total_traced_by_state`*/;
/*!50001 SET @saved_cs_client          = @@character_set_client */;
/*!50001 SET @saved_cs_results         = @@character_set_results */;
/*!50001 SET @saved_col_connection     = @@collation_connection */;
/*!50001 SET character_set_client      = utf8 */;
/*!50001 SET character_set_results     = utf8 */;
/*!50001 SET collation_connection      = utf8_general_ci */;
/*!50001 CREATE ALGORITHM=UNDEFINED */
/*!50013 DEFINER=`trace_data`@`localhost` SQL SECURITY DEFINER */
/*!50001 VIEW `total_traced_by_state` AS select `a`.`trace_year` AS `trace_year`,`a`.`located_in` AS `state`,`s`.`population` AS `population`,sum(`a`.`num_guns`) AS `traced`,((sum(`a`.`num_guns`) / `s`.`population`) * 100000) AS `traced_per_100k` from (`gun_trace_data` `a` join `state_populations` `s`) where ((`a`.`located_in` = `s`.`state_abbrev`) and (`a`.`trace_year` = `s`.`population_year`)) group by `a`.`trace_year`,`a`.`located_in` */;
/*!50001 SET character_set_client      = @saved_cs_client */;
/*!50001 SET character_set_results     = @saved_cs_results */;
/*!50001 SET collation_connection      = @saved_col_connection */;
/*!40103 SET TIME_ZONE=@OLD_TIME_ZONE */;

/*!40101 SET SQL_MODE=@OLD_SQL_MODE */;
/*!40014 SET FOREIGN_KEY_CHECKS=@OLD_FOREIGN_KEY_CHECKS */;
/*!40014 SET UNIQUE_CHECKS=@OLD_UNIQUE_CHECKS */;
/*!40101 SET CHARACTER_SET_CLIENT=@OLD_CHARACTER_SET_CLIENT */;
/*!40101 SET CHARACTER_SET_RESULTS=@OLD_CHARACTER_SET_RESULTS */;
/*!40101 SET COLLATION_CONNECTION=@OLD_COLLATION_CONNECTION */;
/*!40111 SET SQL_NOTES=@OLD_SQL_NOTES */;

-- Dump completed on 2013-12-06 10:05:52
